CVE-2002-2446;0.016790000;0.761160000
CVE-2002-2445;0.016790000;0.761160000
CVE-2002-2444;0.016080000;0.750620000
CVE-2002-2443;0.064320000;0.935140000
CVE-2002-2439;0.005480000;0.439130000
CVE-2002-2438;0.037420000;0.895250000
CVE-2002-2437;0.012240000;0.677520000
CVE-2002-2436;0.011100000;0.647510000
CVE-2002-2435;0.136590000;0.963810000
CVE-2002-2434;0.017260000;0.767520000
CVE-2002-2433;0.013650000;0.708510000
CVE-2002-2432;0.017260000;0.767520000
CVE-2002-2431;0.012010000;0.671450000
CVE-2002-2430;0.011180000;0.649540000
CVE-2002-2429;0.011180000;0.649550000
CVE-2002-2428;0.016350000;0.754810000
CVE-2002-2427;0.013290000;0.700580000
CVE-2002-2426;0.006580000;0.497610000
CVE-2002-2425;0.035480000;0.889350000
CVE-2002-2424;0.014490000;0.724470000
CVE-2002-2423;0.011730000;0.663690000
CVE-2002-2422;0.029950000;0.868920000
CVE-2002-2421;0.012670000;0.687450000
CVE-2002-2420;0.060900000;0.932090000
CVE-2002-2419;0.016020000;0.749660000
CVE-2002-2418;0.011070000;0.646730000
CVE-2002-2417;0.041850000;0.906280000
CVE-2002-2416;0.060340000;0.931490000
CVE-2002-2415;0.013420000;0.703860000
CVE-2002-2414;0.011880000;0.668370000
CVE-2002-2413;0.011730000;0.663670000
CVE-2002-2412;0.003130000;0.220120000
CVE-2002-2411;0.054300000;0.924740000
CVE-2002-2410;0.013090000;0.696350000
CVE-2002-2409;0.007090000;0.518630000
CVE-2002-2408;0.014270000;0.720490000
CVE-2002-2407;0.002890000;0.194920000
CVE-2002-2406;0.015960000;0.748880000
CVE-2002-2405;0.008470000;0.566070000
CVE-2002-2404;0.029180000;0.865660000
CVE-2002-2403;0.026650000;0.852210000
CVE-2002-2402;0.021460000;0.814460000
CVE-2002-2401;0.018080000;0.778380000
CVE-2002-2400;0.076500000;0.944050000
CVE-2002-2399;0.023660000;0.832170000
CVE-2002-2398;0.012320000;0.679360000
CVE-2002-2397;0.021900000;0.818000000
CVE-2002-2396;0.004180000;0.338930000
CVE-2002-2395;0.025610000;0.845640000
CVE-2002-2394;0.034850000;0.887520000
CVE-2002-2393;0.026070000;0.848670000
CVE-2002-2392;0.026040000;0.848480000
CVE-2002-2391;0.011500000;0.657770000
CVE-2002-2390;0.056570000;0.927440000
CVE-2002-2389;0.019010000;0.789800000
CVE-2002-2388;0.011950000;0.670140000
CVE-2002-2387;0.015440000;0.741020000
CVE-2002-2386;0.010220000;0.621990000
CVE-2002-2385;0.042770000;0.908030000
CVE-2002-2384;0.003780000;0.294510000
CVE-2002-2383;0.010010000;0.615820000
CVE-2002-2382;0.003110000;0.217390000
CVE-2002-2381;0.033720000;0.883740000
CVE-2002-2380;0.109390000;0.957670000
CVE-2002-2379;0.058600000;0.929810000
CVE-2002-2378;0.010220000;0.621990000
CVE-2002-2377;0.010650000;0.635330000
CVE-2002-2376;0.015110000;0.735640000
CVE-2002-2375;0.015310000;0.738860000
CVE-2002-2374;0.011560000;0.659220000
CVE-2002-2373;0.013190000;0.698410000
CVE-2002-2372;0.017870000;0.775650000
CVE-2002-2371;0.017830000;0.775120000
CVE-2002-2370;0.031700000;0.875970000
CVE-2002-2369;0.012180000;0.676010000
CVE-2002-2368;0.068870000;0.938800000
CVE-2002-2367;0.054090000;0.924540000
CVE-2002-2366;0.027140000;0.855070000
CVE-2002-2365;0.030420000;0.870810000
CVE-2002-2364;0.008450000;0.565520000
CVE-2002-2363;0.004600000;0.377180000
CVE-2002-2362;0.016020000;0.749770000
CVE-2002-2361;0.012050000;0.672600000
CVE-2002-2360;0.036420000;0.892270000
CVE-2002-2359;0.037610000;0.895720000
CVE-2002-2358;0.017090000;0.765360000
CVE-2002-2357;0.029920000;0.868820000
CVE-2002-2356;0.011730000;0.663670000
CVE-2002-2355;0.010570000;0.632620000
CVE-2002-2354;0.018440000;0.782970000
CVE-2002-2353;0.070150000;0.939870000
CVE-2002-2352;0.011410000;0.655190000
CVE-2002-2351;0.026450000;0.850960000
CVE-2002-2350;0.008710000;0.574120000
CVE-2002-2349;0.024880000;0.840810000
CVE-2002-2348;0.014490000;0.724470000
CVE-2002-2347;0.017040000;0.764670000
CVE-2002-2346;0.013880000;0.713210000
CVE-2002-2345;0.013980000;0.715120000
CVE-2002-2344;0.012050000;0.672470000
CVE-2002-2343;0.016200000;0.752440000
CVE-2002-2342;0.010090000;0.618450000
CVE-2002-2341;0.016020000;0.749770000
CVE-2002-2340;0.010730000;0.637500000
CVE-2002-2339;0.014990000;0.733670000
CVE-2002-2338;0.038800000;0.899110000
CVE-2002-2337;0.014350000;0.722000000
CVE-2002-2336;0.025490000;0.844890000
CVE-2002-2335;0.026610000;0.851940000
CVE-2002-2334;0.002950000;0.200770000
CVE-2002-2333;0.015690000;0.744870000
CVE-2002-2332;0.017870000;0.775650000
CVE-2002-2331;0.020750000;0.808030000
CVE-2002-2330;0.011530000;0.658720000
CVE-2002-2329;0.020270000;0.803320000
CVE-2002-2328;0.166330000;0.969350000
CVE-2002-2327;0.003030000;0.209170000
CVE-2002-2326;0.012750000;0.689250000
CVE-2002-2325;0.034610000;0.886690000
CVE-2002-2324;0.017720000;0.773870000
CVE-2002-2323;0.022130000;0.820110000
CVE-2002-2322;0.013880000;0.713220000
CVE-2002-2321;0.015870000;0.747600000
CVE-2002-2320;0.011370000;0.654170000
CVE-2002-2319;0.022500000;0.823150000
CVE-2002-2318;0.014520000;0.724920000
CVE-2002-2317;0.016840000;0.761890000
CVE-2002-2316;0.012320000;0.679350000
CVE-2002-2315;0.095600000;0.953300000
CVE-2002-2314;0.085400000;0.949070000
CVE-2002-2313;0.008260000;0.559420000
CVE-2002-2312;0.017570000;0.771750000
CVE-2002-2311;0.095060000;0.953090000
CVE-2002-2310;0.013090000;0.696340000
CVE-2002-2309;0.040610000;0.903590000
CVE-2002-2308;0.011050000;0.646370000
CVE-2002-2307;0.019580000;0.796010000
CVE-2002-2306;0.031550000;0.875320000
CVE-2002-2305;0.010010000;0.615730000
CVE-2002-2304;0.009610000;0.602270000
CVE-2002-2303;0.010270000;0.623730000
CVE-2002-2302;0.012220000;0.676940000
CVE-2002-2301;0.002740000;0.179850000
CVE-2002-2300;0.050330000;0.920190000
CVE-2002-2299;0.013380000;0.702930000
CVE-2002-2298;0.019620000;0.796450000
CVE-2002-2297;0.013380000;0.702930000
CVE-2002-2296;0.014360000;0.722110000
CVE-2002-2295;0.066850000;0.937100000
CVE-2002-2294;0.018850000;0.787820000
CVE-2002-2293;0.003990000;0.318180000
CVE-2002-2292;0.015440000;0.741020000
CVE-2002-2291;0.019820000;0.798420000
CVE-2002-2290;0.018390000;0.782400000
CVE-2002-2289;0.013650000;0.708570000
CVE-2002-2288;0.020130000;0.802010000
CVE-2002-2287;0.022550000;0.823510000
CVE-2002-2286;0.014350000;0.722010000
CVE-2002-2285;0.021460000;0.814510000
CVE-2002-2284;0.020400000;0.804470000
CVE-2002-2283;0.016220000;0.752640000
CVE-2002-2282;0.003250000;0.233640000
CVE-2002-2281;0.102040000;0.955430000
CVE-2002-2280;0.002810000;0.186640000
CVE-2002-2279;0.020640000;0.806950000
CVE-2002-2278;0.008450000;0.565450000
CVE-2002-2277;0.010510000;0.631050000
CVE-2002-2276;0.013090000;0.696360000
CVE-2002-2275;0.003480000;0.261350000
CVE-2002-2274;0.002980000;0.204080000
CVE-2002-2273;0.010330000;0.625830000
CVE-2002-2272;0.096810000;0.953680000
CVE-2002-2271;0.012190000;0.676250000
CVE-2002-2270;0.004340000;0.354330000
CVE-2002-2269;0.020160000;0.802240000
CVE-2002-2268;0.517490000;0.989180000
CVE-2002-2267;0.003010000;0.207360000
CVE-2002-2266;0.013820000;0.712020000
CVE-2002-2265;0.012180000;0.675910000
CVE-2002-2264;0.033540000;0.883190000
CVE-2002-2263;0.004000000;0.318580000
CVE-2002-2262;0.023400000;0.830270000
CVE-2002-2261;0.020040000;0.800820000
CVE-2002-2260;0.010900000;0.642070000
CVE-2002-2259;0.004680000;0.383170000
CVE-2002-2258;0.026530000;0.851460000
CVE-2002-2257;0.054300000;0.924740000
CVE-2002-2256;0.015020000;0.734200000
CVE-2002-2255;0.014360000;0.722100000
CVE-2002-2254;0.003630000;0.278330000
CVE-2002-2253;0.065690000;0.936270000
CVE-2002-2252;0.011250000;0.651270000
CVE-2002-2251;0.065800000;0.936360000
CVE-2002-2250;0.077160000;0.944460000
CVE-2002-2249;0.023100000;0.827880000
CVE-2002-2248;0.057870000;0.928840000
CVE-2002-2247;0.025690000;0.846240000
CVE-2002-2246;0.014990000;0.733670000
CVE-2002-2245;0.007940000;0.548860000
CVE-2002-2244;0.002260000;0.121640000
CVE-2002-2243;0.013970000;0.714850000
CVE-2002-2242;0.014090000;0.717020000
CVE-2002-2241;0.015520000;0.742410000
CVE-2002-2240;0.016230000;0.752740000
CVE-2002-2239;0.016020000;0.749680000
CVE-2002-2238;0.015020000;0.734210000
CVE-2002-2237;0.017580000;0.771880000
CVE-2002-2236;0.048220000;0.917140000
CVE-2002-2235;0.020570000;0.806260000
CVE-2002-2234;0.015000000;0.733860000
CVE-2002-2233;0.015710000;0.745260000
CVE-2002-2232;0.046040000;0.913950000
CVE-2002-2231;0.010650000;0.635300000
CVE-2002-2230;0.008450000;0.565640000
CVE-2002-2229;0.015020000;0.734210000
CVE-2002-2228;0.011240000;0.650990000
CVE-2002-2227;0.029770000;0.868130000
CVE-2002-2226;0.634780000;0.991910000
CVE-2002-2225;0.030080000;0.869530000
CVE-2002-2224;0.030410000;0.870780000
CVE-2002-2223;0.030410000;0.870780000
CVE-2002-2222;0.012870000;0.691780000
CVE-2002-2221;0.002920000;0.198210000
CVE-2002-2220;0.002720000;0.178240000
CVE-2002-2219;0.063930000;0.934700000
CVE-2002-2218;0.013530000;0.706170000
CVE-2002-2217;0.020610000;0.806710000
CVE-2002-2216;0.011970000;0.670690000
CVE-2002-2215;0.013520000;0.705810000
CVE-2002-2214;0.017160000;0.766260000
CVE-2002-2213;0.023990000;0.834440000
CVE-2002-2212;0.023990000;0.834440000
CVE-2002-2211;0.083110000;0.947780000
CVE-2002-2210;0.003940000;0.312960000
CVE-2002-2209;0.014220000;0.719480000
CVE-2002-2208;0.042680000;0.907900000
CVE-2002-2207;0.054380000;0.924820000
CVE-2002-2206;0.020080000;0.801480000
CVE-2002-2205;0.027370000;0.856290000
CVE-2002-2204;0.015320000;0.738960000
CVE-2002-2203;0.003300000;0.238730000
CVE-2002-2202;0.012950000;0.693390000
CVE-2002-2201;0.032530000;0.879240000
CVE-2002-2200;0.071250000;0.940750000
CVE-2002-2199;0.004070000;0.326490000
CVE-2002-2198;0.062420000;0.933480000
CVE-2002-2197;0.003830000;0.299890000
CVE-2002-2196;0.067060000;0.937270000
CVE-2002-2195;0.046940000;0.915240000
CVE-2002-2193;0.035410000;0.889170000
CVE-2002-2192;0.036860000;0.893510000
CVE-2002-2191;0.029320000;0.866270000
CVE-2002-2190;0.066930000;0.937160000
CVE-2002-2189;0.068160000;0.938290000
CVE-2002-2188;0.003160000;0.222860000
CVE-2002-2187;0.011500000;0.657680000
CVE-2002-2186;0.013730000;0.710210000
CVE-2002-2185;0.024930000;0.841230000
CVE-2002-2184;0.011040000;0.646010000
CVE-2002-2183;0.013320000;0.701370000
CVE-2002-2182;0.031700000;0.875920000
CVE-2002-2181;0.012920000;0.692760000
CVE-2002-2180;0.006130000;0.475340000
CVE-2002-2179;0.020210000;0.802770000
CVE-2002-2178;0.017490000;0.770490000
CVE-2002-2177;0.012330000;0.679740000
CVE-2002-2176;0.033070000;0.881600000
CVE-2002-2175;0.058380000;0.929520000
CVE-2002-2174;0.024510000;0.838340000
CVE-2002-2173;0.031350000;0.874590000
CVE-2002-2172;0.003530000;0.267180000
CVE-2002-2171;0.017330000;0.768450000
CVE-2002-2170;0.047350000;0.915890000
CVE-2002-2169;0.023800000;0.833070000
CVE-2002-2168;0.012110000;0.674260000
CVE-2002-2167;0.016850000;0.762080000
CVE-2002-2166;0.009380000;0.595200000
CVE-2002-2165;0.008440000;0.565050000
CVE-2002-2164;0.219110000;0.975890000
CVE-2002-2163;0.011930000;0.669590000
CVE-2002-2162;0.007650000;0.538800000
CVE-2002-2161;0.015740000;0.745760000
CVE-2002-2159;0.024440000;0.837720000
CVE-2002-2158;0.013730000;0.710210000
CVE-2002-2156;0.020100000;0.801770000
CVE-2002-2155;0.020230000;0.802940000
CVE-2002-2154;0.075660000;0.943520000
CVE-2002-2153;0.073500000;0.942260000
CVE-2002-2152;0.024440000;0.837720000
CVE-2002-2150;0.019860000;0.798910000
CVE-2002-2149;0.034100000;0.884990000
CVE-2002-2148;0.013730000;0.710240000
CVE-2002-2146;0.026350000;0.850370000
CVE-2002-2145;0.076530000;0.944080000
CVE-2002-2144;0.025480000;0.844850000
CVE-2002-2143;0.027210000;0.855420000
CVE-2002-2142;0.012830000;0.690820000
CVE-2002-2141;0.023630000;0.831990000
CVE-2002-2140;0.019950000;0.799810000
CVE-2002-2139;0.012450000;0.682410000
CVE-2002-2138;0.026650000;0.852210000
CVE-2002-2137;0.015100000;0.735570000
CVE-2002-2134;0.023800000;0.833070000
CVE-2002-2133;0.023190000;0.828570000
CVE-2002-2132;0.017490000;0.770540000
CVE-2002-2131;0.019920000;0.799520000
CVE-2002-2130;0.015900000;0.747950000
CVE-2002-2129;0.036130000;0.891390000
CVE-2002-2128;0.003770000;0.293310000
CVE-2002-2127;0.003470000;0.259420000
CVE-2002-2126;0.004350000;0.355250000
CVE-2002-2125;0.082560000;0.947480000
CVE-2002-2124;0.015910000;0.748220000
CVE-2002-2123;0.023570000;0.831600000
CVE-2002-2122;0.003320000;0.241230000
CVE-2002-2121;0.025740000;0.846510000
CVE-2002-2120;0.006340000;0.485700000
CVE-2002-2119;0.026650000;0.852240000
CVE-2002-2118;0.018870000;0.788050000
CVE-2002-2117;0.118010000;0.959700000
CVE-2002-2116;0.018330000;0.781600000
CVE-2002-2115;0.011640000;0.661610000
CVE-2002-2114;0.036080000;0.891260000
CVE-2002-2113;0.038710000;0.898860000
CVE-2002-2112;0.013880000;0.713250000
CVE-2002-2111;0.015740000;0.745810000
CVE-2002-2110;0.018130000;0.779120000
CVE-2002-2109;0.026860000;0.853510000
CVE-2002-2108;0.015560000;0.743060000
CVE-2002-2107;0.014400000;0.722870000
CVE-2002-2106;0.026940000;0.854010000
CVE-2002-2105;0.031450000;0.874950000
CVE-2002-2104;0.020570000;0.806230000
CVE-2002-2103;0.060570000;0.931730000
CVE-2002-2102;0.018610000;0.785140000
CVE-2002-2101;0.110680000;0.958010000
CVE-2002-2100;0.113630000;0.958730000
CVE-2002-2099;0.005820000;0.459130000
CVE-2002-2098;0.033490000;0.883010000
CVE-2002-2097;0.016160000;0.751820000
CVE-2002-2096;0.041430000;0.905430000
CVE-2002-2095;0.017740000;0.774170000
CVE-2002-2094;0.027150000;0.855170000
CVE-2002-2093;0.003490000;0.262550000
CVE-2002-2092;0.003060000;0.212100000
CVE-2002-2091;0.035160000;0.888440000
CVE-2002-2090;0.016780000;0.760920000
CVE-2002-2089;0.004370000;0.357420000
CVE-2002-2088;0.027400000;0.856510000
CVE-2002-2087;0.012650000;0.687100000
CVE-2002-2086;0.014450000;0.723810000
CVE-2002-2085;0.015490000;0.741860000
CVE-2002-2084;0.081080000;0.946680000
CVE-2002-2083;0.003990000;0.318110000
CVE-2002-2082;0.016220000;0.752660000
CVE-2002-2081;0.139030000;0.964320000
CVE-2002-2080;0.015910000;0.748200000
CVE-2002-2079;0.018610000;0.785140000
CVE-2002-2078;0.033490000;0.883010000
CVE-2002-2077;0.158680000;0.967910000
CVE-2002-2076;0.018150000;0.779400000
CVE-2002-2075;0.015110000;0.735700000
CVE-2002-2074;0.013950000;0.714500000
CVE-2002-2073;0.128640000;0.961930000
CVE-2002-2072;0.088590000;0.950660000
CVE-2002-2071;0.034010000;0.884750000
CVE-2002-2070;0.021560000;0.815330000
CVE-2002-2069;0.020710000;0.807690000
CVE-2002-2068;0.021560000;0.815330000
CVE-2002-2067;0.021840000;0.817580000
CVE-2002-2066;0.020990000;0.810390000
CVE-2002-2065;0.013730000;0.710260000
CVE-2002-2064;0.015320000;0.738950000
CVE-2002-2063;0.019830000;0.798510000
CVE-2002-2062;0.133410000;0.963030000
CVE-2002-2061;0.034940000;0.887790000
CVE-2002-2060;0.034890000;0.887660000
CVE-2002-2059;0.004500000;0.368500000
CVE-2002-2058;0.008590000;0.570300000
CVE-2002-2057;0.016490000;0.756730000
CVE-2002-2056;0.009380000;0.595270000
CVE-2002-2055;0.035120000;0.888350000
CVE-2002-2054;0.017270000;0.767610000
CVE-2002-2053;0.015910000;0.748250000
CVE-2002-2052;0.015910000;0.748180000
CVE-2002-2051;0.003380000;0.249690000
CVE-2002-2050;0.004650000;0.380780000
CVE-2002-2049;0.015900000;0.747960000
CVE-2002-2048;0.028570000;0.862660000
CVE-2002-2047;0.032880000;0.880870000
CVE-2002-2046;0.013170000;0.698090000
CVE-2002-2045;0.017120000;0.765840000
CVE-2002-2044;0.019380000;0.794030000
CVE-2002-2043;0.013020000;0.694930000
CVE-2002-2042;0.010340000;0.626070000
CVE-2002-2041;0.012370000;0.680420000
CVE-2002-2040;0.010830000;0.640240000
CVE-2002-2039;0.008440000;0.565060000
CVE-2002-2038;0.002850000;0.191190000
CVE-2002-2037;0.011490000;0.657320000
CVE-2002-2036;0.015320000;0.738960000
CVE-2002-2035;0.012100000;0.674010000
CVE-2002-2034;0.029810000;0.868320000
CVE-2002-2033;0.013730000;0.710270000
CVE-2002-2032;0.058540000;0.929730000
CVE-2002-2031;0.205130000;0.974470000
CVE-2002-2030;0.031350000;0.874590000
CVE-2002-2029;0.231100000;0.977040000
CVE-2002-2028;0.019710000;0.797230000
CVE-2002-2027;0.013170000;0.698080000
CVE-2002-2026;0.041500000;0.905550000
CVE-2002-2025;0.017520000;0.771000000
CVE-2002-2024;0.019240000;0.792260000
CVE-2002-2023;0.003210000;0.228230000
CVE-2002-2022;0.006310000;0.484580000
CVE-2002-2021;0.017170000;0.766440000
CVE-2002-2020;0.015320000;0.738920000
CVE-2002-2019;0.026460000;0.851000000
CVE-2002-2018;0.003400000;0.252060000
CVE-2002-2017;0.024680000;0.839450000
CVE-2002-2016;0.011440000;0.655920000
CVE-2002-2015;0.094930000;0.953040000
CVE-2002-2014;0.023420000;0.830460000
CVE-2002-2013;0.016280000;0.753470000
CVE-2002-2012;0.059970000;0.931100000
CVE-2002-2011;0.041120000;0.904730000
CVE-2002-2010;0.012420000;0.681560000
CVE-2002-2009;0.073140000;0.942030000
CVE-2002-2008;0.071100000;0.940610000
CVE-2002-2007;0.413990000;0.986380000
CVE-2002-2006;0.306730000;0.981990000
CVE-2002-2005;0.018390000;0.782320000
CVE-2002-2004;0.012400000;0.681290000
CVE-2002-2003;0.011940000;0.669890000
CVE-2002-2002;0.026760000;0.853000000
CVE-2002-2001;0.002950000;0.201430000
CVE-2002-20002;0.003050000;0.211570000
CVE-2002-20001;0.246390000;0.978290000
CVE-2002-2000;0.003630000;0.278490000
CVE-2002-1999;0.026530000;0.851500000
CVE-2002-1998;0.025180000;0.842970000
CVE-2002-1997;0.028210000;0.860990000
CVE-2002-1996;0.012570000;0.685360000
CVE-2002-1995;0.035410000;0.889170000
CVE-2002-1994;0.015910000;0.748250000
CVE-2002-1993;0.118850000;0.959880000
CVE-2002-1992;0.017670000;0.773170000
CVE-2002-1991;0.074560000;0.942870000
CVE-2002-1990;0.021540000;0.815220000
CVE-2002-1989;0.012400000;0.681280000
CVE-2002-1988;0.015740000;0.745770000
CVE-2002-1987;0.025480000;0.844850000
CVE-2002-1986;0.066850000;0.937100000
CVE-2002-1985;0.017870000;0.775660000
CVE-2002-1984;0.091400000;0.951780000
CVE-2002-1983;0.009880000;0.611910000
CVE-2002-1982;0.032060000;0.877360000
CVE-2002-1981;0.045780000;0.913500000
CVE-2002-1980;0.004740000;0.387970000
CVE-2002-1979;0.015420000;0.740650000
CVE-2002-1978;0.020070000;0.801470000
CVE-2002-1977;0.003530000;0.267180000
CVE-2002-1976;0.004050000;0.324370000
CVE-2002-1975;0.002380000;0.134450000
CVE-2002-1974;0.027660000;0.858030000
CVE-2002-1973;0.400460000;0.985930000
CVE-2002-1972;0.003280000;0.236160000
CVE-2002-1971;0.041350000;0.905280000
CVE-2002-1970;0.003770000;0.293860000
CVE-2002-1969;0.012270000;0.678110000
CVE-2002-1968;0.003290000;0.237880000
CVE-2002-1967;0.018660000;0.785700000
CVE-2002-1966;0.031300000;0.874390000
CVE-2002-1965;0.017330000;0.768460000
CVE-2002-1964;0.026070000;0.848650000
CVE-2002-1963;0.004620000;0.378930000
CVE-2002-1962;0.018720000;0.786440000
CVE-2002-1961;0.018130000;0.779100000
CVE-2002-1960;0.011640000;0.661590000
CVE-2002-1959;0.038840000;0.899190000
CVE-2002-1958;0.017010000;0.764140000
CVE-2002-1957;0.023130000;0.828110000
CVE-2002-1956;0.003030000;0.209710000
CVE-2002-1955;0.013300000;0.700720000
CVE-2002-1954;0.118530000;0.959810000
CVE-2002-1953;0.018660000;0.785700000
CVE-2002-1952;0.015720000;0.745480000
CVE-2002-1951;0.058330000;0.929470000
CVE-2002-1950;0.019170000;0.791570000
CVE-2002-1949;0.012040000;0.672140000
CVE-2002-1948;0.004100000;0.329320000
CVE-2002-1947;0.013870000;0.712930000
CVE-2002-1946;0.001250000;0.019240000
CVE-2002-1945;0.033300000;0.882360000
CVE-2002-1944;0.017430000;0.769720000
CVE-2002-1943;0.027010000;0.854350000
CVE-2002-1942;0.016970000;0.763650000
CVE-2002-1941;0.017670000;0.773160000
CVE-2002-1940;0.011500000;0.657690000
CVE-2002-1939;0.003490000;0.262550000
CVE-2002-1938;0.022710000;0.824690000
CVE-2002-1937;0.013460000;0.704540000
CVE-2002-1936;0.015320000;0.738970000
CVE-2002-1935;0.013510000;0.705560000
CVE-2002-1934;0.011890000;0.668480000
CVE-2002-1933;0.016090000;0.750800000
CVE-2002-1932;0.127850000;0.961710000
CVE-2002-1931;0.011770000;0.665550000
CVE-2002-1930;0.054630000;0.925040000
CVE-2002-1929;0.019110000;0.790860000
CVE-2002-1928;0.011810000;0.666530000
CVE-2002-1927;0.003020000;0.208320000
CVE-2002-1926;0.016850000;0.762070000
CVE-2002-1925;0.015740000;0.745790000
CVE-2002-1924;0.013510000;0.705560000
CVE-2002-1923;0.025300000;0.843730000
CVE-2002-1922;0.035810000;0.890490000
CVE-2002-1921;0.025300000;0.843730000
CVE-2002-1920;0.017670000;0.773170000
CVE-2002-1919;0.015200000;0.736900000
CVE-2002-1918;0.164040000;0.968920000
CVE-2002-1917;0.014090000;0.717130000
CVE-2002-1916;0.012970000;0.693990000
CVE-2002-1915;0.002690000;0.173140000
CVE-2002-1914;0.003320000;0.241220000
CVE-2002-1913;0.015310000;0.738820000
CVE-2002-1912;0.032990000;0.881270000
CVE-2002-1911;0.031340000;0.874520000
CVE-2002-1910;0.063350000;0.934320000
CVE-2002-1909;0.013730000;0.710250000
CVE-2002-1908;0.136780000;0.963840000
CVE-2002-1907;0.032010000;0.877140000
CVE-2002-1906;0.071240000;0.940730000
CVE-2002-1905;0.075410000;0.943370000
CVE-2002-1904;0.056290000;0.927150000
CVE-2002-1903;0.014480000;0.724280000
CVE-2002-1902;0.023810000;0.833180000
CVE-2002-1901;0.009480000;0.598500000
CVE-2002-1900;0.013750000;0.710730000
CVE-2002-1899;0.012550000;0.684780000
CVE-2002-1898;0.031700000;0.875980000
CVE-2002-1897;0.034220000;0.885300000
CVE-2002-1896;0.015880000;0.747790000
CVE-2002-1895;0.038790000;0.899060000
CVE-2002-1894;0.019600000;0.796230000
CVE-2002-1893;0.011640000;0.661580000
CVE-2002-1892;0.006270000;0.482120000
CVE-2002-1891;0.050080000;0.919910000
CVE-2002-1890;0.003750000;0.291040000
CVE-2002-1889;0.020580000;0.806290000
CVE-2002-1888;0.003490000;0.262560000
CVE-2002-1887;0.030070000;0.869500000
CVE-2002-1886;0.028390000;0.861870000
CVE-2002-1885;0.066590000;0.936900000
CVE-2002-1884;0.026570000;0.851700000
CVE-2002-1883;0.016340000;0.754540000
CVE-2002-1882;0.051760000;0.922050000
CVE-2002-1881;0.016790000;0.761010000
CVE-2002-1880;0.013060000;0.695650000
CVE-2002-1879;0.013300000;0.700880000
CVE-2002-1878;0.025580000;0.845530000
CVE-2002-1877;0.016260000;0.753250000
CVE-2002-1876;0.047040000;0.915410000
CVE-2002-1875;0.003920000;0.310190000
CVE-2002-1874;0.032880000;0.880870000
CVE-2002-1873;0.135850000;0.963580000
CVE-2002-1872;0.069780000;0.939540000
CVE-2002-1871;0.003540000;0.268670000
CVE-2002-1870;0.026590000;0.851820000
CVE-2002-1869;0.003150000;0.222010000
CVE-2002-1868;0.054400000;0.924840000
CVE-2002-1867;0.015320000;0.738950000
CVE-2002-1866;0.015740000;0.745810000
CVE-2002-1865;0.029060000;0.865080000
CVE-2002-1864;0.177720000;0.970860000
CVE-2002-1863;0.003080000;0.214920000
CVE-2002-1862;0.030270000;0.870290000
CVE-2002-1861;0.021190000;0.812110000
CVE-2002-1860;0.021190000;0.812100000
CVE-2002-1859;0.025190000;0.843020000
CVE-2002-1858;0.045340000;0.912670000
CVE-2002-1857;0.021190000;0.812110000
CVE-2002-1856;0.037090000;0.894180000
CVE-2002-1855;0.021780000;0.817080000
CVE-2002-1854;0.046790000;0.915050000
CVE-2002-1853;0.011770000;0.665360000
CVE-2002-1852;0.033630000;0.883480000
CVE-2002-1851;0.034440000;0.886210000
CVE-2002-1850;0.174080000;0.970420000
CVE-2002-1849;0.025390000;0.844310000
CVE-2002-1848;0.003120000;0.219200000
CVE-2002-1847;0.336070000;0.983430000
CVE-2002-1846;0.010530000;0.631570000
CVE-2002-1845;0.039480000;0.900980000
CVE-2002-1844;0.011570000;0.659520000
CVE-2002-1843;0.020800000;0.808490000
CVE-2002-1842;0.020800000;0.808490000
CVE-2002-1841;0.021390000;0.813890000
CVE-2002-1840;0.027700000;0.858220000
CVE-2002-1839;0.020620000;0.806820000
CVE-2002-1838;0.008280000;0.560360000
CVE-2002-1837;0.029400000;0.866570000
CVE-2002-1836;0.013510000;0.705550000
CVE-2002-1835;0.015490000;0.741860000
CVE-2002-1834;0.013510000;0.705560000
CVE-2002-1833;0.017600000;0.772170000
CVE-2002-1832;0.015740000;0.745800000
CVE-2002-1831;0.222600000;0.976190000
CVE-2002-1830;0.070770000;0.940350000
CVE-2002-1829;0.035740000;0.890110000
CVE-2002-1828;0.069190000;0.939110000
CVE-2002-1827;0.009280000;0.591820000
CVE-2002-1826;0.010030000;0.616370000
CVE-2002-1825;0.022100000;0.819900000
CVE-2002-1824;0.025830000;0.847100000
CVE-2002-1823;0.102330000;0.955510000
CVE-2002-1822;0.020960000;0.810050000
CVE-2002-1821;0.006670000;0.501240000
CVE-2002-1820;0.023750000;0.832760000
CVE-2002-1819;0.018010000;0.777550000
CVE-2002-1818;0.067930000;0.938080000
CVE-2002-1817;0.013260000;0.699910000
CVE-2002-1816;0.089530000;0.951110000
CVE-2002-1815;0.016850000;0.762070000
CVE-2002-1814;0.011160000;0.649140000
CVE-2002-1813;0.068650000;0.938600000
CVE-2002-1812;0.011230000;0.650800000
CVE-2002-1811;0.069700000;0.939460000
CVE-2002-1810;0.017480000;0.770320000
CVE-2002-1809;0.161180000;0.968360000
CVE-2002-1808;0.012420000;0.681560000
CVE-2002-1807;0.012420000;0.681580000
CVE-2002-1806;0.035410000;0.889170000
CVE-2002-1805;0.018120000;0.778920000
CVE-2002-1804;0.017170000;0.766440000
CVE-2002-1803;0.017170000;0.766440000
CVE-2002-1802;0.019050000;0.790260000
CVE-2002-1801;0.017630000;0.772600000
CVE-2002-1800;0.013580000;0.707210000
CVE-2002-1799;0.036140000;0.891430000
CVE-2002-1798;0.045600000;0.913200000
CVE-2002-1797;0.004820000;0.394040000
CVE-2002-1796;0.004060000;0.325870000
CVE-2002-1795;0.167930000;0.969580000
CVE-2002-1794;0.041280000;0.905130000
CVE-2002-1793;0.022060000;0.819520000
CVE-2002-1792;0.084080000;0.948340000
CVE-2002-1791;0.003460000;0.258610000
CVE-2002-1790;0.339670000;0.983560000
CVE-2002-1789;0.004210000;0.342570000
CVE-2002-1788;0.021460000;0.814550000
CVE-2002-1787;0.004670000;0.382140000
CVE-2002-1786;0.003450000;0.257220000
CVE-2002-1785;0.027930000;0.859500000
CVE-2002-1784;0.030670000;0.871900000
CVE-2002-1783;0.167410000;0.969520000
CVE-2002-1782;0.003450000;0.256670000
CVE-2002-1781;0.031700000;0.875910000
CVE-2002-1780;0.015740000;0.745770000
CVE-2002-1779;0.013490000;0.705200000
CVE-2002-1778;0.015440000;0.741060000
CVE-2002-1777;0.025740000;0.846530000
CVE-2002-1776;0.025740000;0.846530000
CVE-2002-1775;0.025740000;0.846530000
CVE-2002-1774;0.025740000;0.846540000
CVE-2002-1773;0.054850000;0.925300000
CVE-2002-1772;0.003860000;0.303480000
CVE-2002-1771;0.013510000;0.705590000
CVE-2002-1770;0.017430000;0.769750000
CVE-2002-1769;0.116990000;0.959510000
CVE-2002-1768;0.015910000;0.748170000
CVE-2002-1767;0.037640000;0.895850000
CVE-2002-1766;0.010070000;0.617560000
CVE-2002-1765;0.016340000;0.754550000
CVE-2002-1764;0.009230000;0.590110000
CVE-2002-1763;0.003310000;0.240370000
CVE-2002-1762;0.158760000;0.967940000
CVE-2002-1761;0.014660000;0.727810000
CVE-2002-1760;0.011980000;0.670820000
CVE-2002-1759;0.020620000;0.806810000
CVE-2002-1758;0.020620000;0.806810000
CVE-2002-1757;0.031430000;0.874850000
CVE-2002-1756;0.016790000;0.761010000
CVE-2002-1755;0.010960000;0.644170000
CVE-2002-1754;0.003810000;0.297580000
CVE-2002-1753;0.322040000;0.982750000
CVE-2002-1752;0.032360000;0.878600000
CVE-2002-1751;0.021170000;0.811900000
CVE-2002-1750;0.021580000;0.815600000
CVE-2002-1749;0.014560000;0.725700000
CVE-2002-1748;0.007850000;0.545390000
CVE-2002-1747;0.010690000;0.636350000
CVE-2002-1746;0.010690000;0.636350000
CVE-2002-1745;0.176630000;0.970740000
CVE-2002-1744;0.651740000;0.992360000
CVE-2002-1743;0.015740000;0.745810000
CVE-2002-1742;0.016130000;0.751440000
CVE-2002-1741;0.010840000;0.640550000
CVE-2002-1740;0.011030000;0.645790000
CVE-2002-1739;0.001590000;0.044160000
CVE-2002-1738;0.013360000;0.702300000
CVE-2002-1737;0.003790000;0.295250000
CVE-2002-1736;0.011810000;0.666520000
CVE-2002-1735;0.003780000;0.294570000
CVE-2002-1734;0.027360000;0.856230000
CVE-2002-1733;0.011640000;0.661630000
CVE-2002-1732;0.013700000;0.709590000
CVE-2002-1731;0.008440000;0.565060000
CVE-2002-1730;0.013510000;0.705590000
CVE-2002-1729;0.013060000;0.695590000
CVE-2002-1728;0.015480000;0.741680000
CVE-2002-1727;0.042620000;0.907740000
CVE-2002-1726;0.016350000;0.754840000
CVE-2002-1725;0.014250000;0.720100000
CVE-2002-1724;0.013060000;0.695570000
CVE-2002-1723;0.013730000;0.710230000
CVE-2002-1722;0.003660000;0.281810000
CVE-2002-1721;0.022620000;0.823960000
CVE-2002-1720;0.026750000;0.852940000
CVE-2002-1719;0.020620000;0.806810000
CVE-2002-1718;0.140590000;0.964610000
CVE-2002-1717;0.155100000;0.967150000
CVE-2002-1716;0.142610000;0.964990000
CVE-2002-1715;0.008860000;0.578570000
CVE-2002-1714;0.194090000;0.972900000
CVE-2002-1713;0.003750000;0.291460000
CVE-2002-1712;0.257640000;0.979160000
CVE-2002-1711;0.003490000;0.261760000
CVE-2002-1710;0.003330000;0.242900000
CVE-2002-1709;0.011530000;0.658690000
CVE-2002-1708;0.042620000;0.907740000
CVE-2002-1707;0.013720000;0.709920000
CVE-2002-1706;0.011760000;0.664920000
CVE-2002-1705;0.176270000;0.970700000
CVE-2002-1704;0.023340000;0.829840000
CVE-2002-1703;0.042160000;0.906930000
CVE-2002-1702;0.017330000;0.768440000
CVE-2002-1700;0.242740000;0.977990000
CVE-2002-1699;0.025630000;0.845850000
CVE-2002-1698;0.155090000;0.967150000
CVE-2002-1697;0.008350000;0.562430000
CVE-2002-1696;0.002500000;0.148490000
CVE-2002-1695;0.136370000;0.963750000
CVE-2002-1694;0.129980000;0.962230000
CVE-2002-1692;0.015050000;0.734610000
CVE-2002-1691;0.036130000;0.891370000
CVE-2002-1690;0.014220000;0.719470000
CVE-2002-1689;0.020990000;0.810430000
CVE-2002-1688;0.174650000;0.970500000
CVE-2002-1687;0.002910000;0.196600000
CVE-2002-1686;0.014150000;0.718140000
CVE-2002-1685;0.072920000;0.941890000
CVE-2002-1684;0.049050000;0.918400000
CVE-2002-1683;0.017330000;0.768460000
CVE-2002-1682;0.001930000;0.081070000
CVE-2002-1681;0.013400000;0.703440000
CVE-2002-1680;0.011770000;0.665260000
CVE-2002-1679;0.011770000;0.665450000
CVE-2002-1678;0.012460000;0.682600000
CVE-2002-1677;0.015480000;0.741710000
CVE-2002-1676;0.003360000;0.246740000
CVE-2002-1675;0.026590000;0.851820000
CVE-2002-1674;0.003010000;0.208000000
CVE-2002-1673;0.007900000;0.547260000
CVE-2002-1672;0.003630000;0.278740000
CVE-2002-1671;0.121110000;0.960380000
CVE-2002-1670;0.013480000;0.704950000
CVE-2002-1669;0.003290000;0.237870000
CVE-2002-1668;0.004860000;0.396910000
CVE-2002-1667;0.002950000;0.201390000
CVE-2002-1666;0.022080000;0.819730000
CVE-2002-1665;0.044430000;0.911120000
CVE-2002-1664;0.031590000;0.875480000
CVE-2002-1663;0.039870000;0.902000000
CVE-2002-1662;0.013060000;0.695570000
CVE-2002-1661;0.023330000;0.829720000
CVE-2002-1660;0.111250000;0.958240000
CVE-2002-1659;0.017720000;0.773840000
CVE-2002-1658;0.010540000;0.631880000
CVE-2002-1657;0.012720000;0.688530000
CVE-2002-1656;0.080510000;0.946310000
CVE-2002-1655;0.023130000;0.828150000
CVE-2002-1654;0.026230000;0.849570000
CVE-2002-1653;0.010780000;0.638480000
CVE-2002-1652;0.079820000;0.945930000
CVE-2002-1651;0.013370000;0.702590000
CVE-2002-1650;0.035390000;0.889080000
CVE-2002-1649;0.014300000;0.721050000
CVE-2002-1648;0.034370000;0.885900000
CVE-2002-1647;0.015320000;0.739010000
CVE-2002-1646;0.036430000;0.892290000
CVE-2002-1645;0.078710000;0.945360000
CVE-2002-1644;0.004460000;0.365770000
CVE-2002-1643;0.747010000;0.994920000
CVE-2002-1642;0.004350000;0.355810000
CVE-2002-1641;0.090530000;0.951480000
CVE-2002-1640;0.052360000;0.922760000
CVE-2002-1639;0.053320000;0.923760000
CVE-2002-1637;0.005740000;0.454360000
CVE-2002-1636;0.015510000;0.742340000
CVE-2002-1635;0.044070000;0.910370000
CVE-2002-1634;0.169690000;0.969830000
CVE-2002-1633;0.006160000;0.476830000
CVE-2002-1632;0.054480000;0.924910000
CVE-2002-1631;0.076690000;0.944170000
CVE-2002-1630;0.071130000;0.940630000
CVE-2002-1629;0.044830000;0.911780000
CVE-2002-1628;0.032550000;0.879580000
CVE-2002-1627;0.019730000;0.797500000
CVE-2002-1626;0.019730000;0.797500000
CVE-2002-1625;0.020180000;0.802390000
CVE-2002-1624;0.041360000;0.905340000
CVE-2002-1623;0.485730000;0.988370000
CVE-2002-1622;0.030340000;0.870540000
CVE-2002-1621;0.066000000;0.936510000
CVE-2002-1620;0.017150000;0.766130000
CVE-2002-1619;0.022300000;0.821560000
CVE-2002-1618;0.005670000;0.450860000
CVE-2002-1617;0.014920000;0.732400000
CVE-2002-1616;0.038950000;0.899420000
CVE-2002-1615;0.008030000;0.551780000
CVE-2002-1614;0.021220000;0.812400000
CVE-2002-1613;0.005970000;0.467020000
CVE-2002-1612;0.005970000;0.467020000
CVE-2002-1611;0.005810000;0.458580000
CVE-2002-1610;0.005210000;0.422310000
CVE-2002-1609;0.005810000;0.458580000
CVE-2002-1608;0.006890000;0.510990000
CVE-2002-1607;0.006890000;0.510990000
CVE-2002-1606;0.014620000;0.727050000
CVE-2002-1605;0.133160000;0.962950000
CVE-2002-1604;0.149720000;0.966220000
CVE-2002-1603;0.136710000;0.963830000
CVE-2002-1602;0.012610000;0.686070000
CVE-2002-1601;0.021020000;0.810730000
CVE-2002-1600;0.032410000;0.878810000
CVE-2002-1599;0.019490000;0.795210000
CVE-2002-1598;0.045180000;0.912380000
CVE-2002-1597;0.032530000;0.879500000
CVE-2002-1596;0.020180000;0.802380000
CVE-2002-1595;0.021670000;0.816220000
CVE-2002-1594;0.009650000;0.603760000
CVE-2002-1593;0.070440000;0.940090000
CVE-2002-1592;0.124580000;0.961030000
CVE-2002-1591;0.016820000;0.761500000
CVE-2002-1590;0.003510000;0.264320000
CVE-2002-1589;0.003300000;0.238760000
CVE-2002-1588;0.015740000;0.745760000
CVE-2002-1587;0.003300000;0.238750000
CVE-2002-1586;0.003340000;0.244970000
CVE-2002-1585;0.015740000;0.745740000
CVE-2002-1584;0.056550000;0.927410000
CVE-2002-1583;0.004740000;0.387970000
CVE-2002-1582;0.036330000;0.891960000
CVE-2002-1581;0.076400000;0.944000000
CVE-2002-1580;0.165170000;0.969100000
CVE-2002-1579;0.015740000;0.745780000
CVE-2002-1578;0.026640000;0.852170000
CVE-2002-1577;0.013170000;0.698100000
CVE-2002-1576;0.009030000;0.583760000
CVE-2002-1575;0.013870000;0.712920000
CVE-2002-1574;0.004120000;0.332060000
CVE-2002-1573;0.022740000;0.824920000
CVE-2002-1572;0.022740000;0.824910000
CVE-2002-1571;0.004010000;0.320170000
CVE-2002-1570;0.056610000;0.927470000
CVE-2002-1569;0.023740000;0.832710000
CVE-2002-1568;0.028030000;0.860050000
CVE-2002-1567;0.270790000;0.979960000
CVE-2002-1566;0.033910000;0.884360000
CVE-2002-1565;0.029540000;0.867170000
CVE-2002-1564;0.116540000;0.959380000
CVE-2002-1563;0.003370000;0.248620000
CVE-2002-1562;0.028120000;0.860460000
CVE-2002-1561;0.377300000;0.985040000
CVE-2002-1560;0.103150000;0.955770000
CVE-2002-1559;0.092210000;0.952120000
CVE-2002-1558;0.027920000;0.859460000
CVE-2002-1557;0.013880000;0.713200000
CVE-2002-1556;0.013880000;0.713200000
CVE-2002-1555;0.016430000;0.756020000
CVE-2002-1554;0.003570000;0.271380000
CVE-2002-1553;0.016120000;0.751300000
CVE-2002-1552;0.013620000;0.708030000
CVE-2002-1551;0.004060000;0.325490000
CVE-2002-1550;0.003080000;0.214920000
CVE-2002-1549;0.111690000;0.958330000
CVE-2002-1548;0.004150000;0.335760000
CVE-2002-1547;0.035470000;0.889330000
CVE-2002-1546;0.017660000;0.772920000
CVE-2002-1545;0.013240000;0.699420000
CVE-2002-1544;0.015810000;0.746700000
CVE-2002-1543;0.003720000;0.288560000
CVE-2002-1542;0.132000000;0.962670000
CVE-2002-1541;0.015440000;0.741060000
CVE-2002-1540;0.004110000;0.329700000
CVE-2002-1539;0.032100000;0.877530000
CVE-2002-1538;0.013730000;0.710270000
CVE-2002-1537;0.024770000;0.840100000
CVE-2002-1536;0.032870000;0.880820000
CVE-2002-1535;0.024470000;0.838010000
CVE-2002-1534;0.023160000;0.828390000
CVE-2002-1533;0.024070000;0.834990000
CVE-2002-1532;0.025670000;0.846140000
CVE-2002-1531;0.025670000;0.846140000
CVE-2002-1530;0.058880000;0.930040000
CVE-2002-1529;0.035810000;0.890480000
CVE-2002-1528;0.023420000;0.830510000
CVE-2002-1527;0.074760000;0.942970000
CVE-2002-1526;0.039170000;0.900030000
CVE-2002-1525;0.080520000;0.946320000
CVE-2002-1524;0.037660000;0.895920000
CVE-2002-1523;0.021970000;0.818750000
CVE-2002-1522;0.136320000;0.963750000
CVE-2002-1521;0.003490000;0.262560000
CVE-2002-1520;0.027660000;0.858020000
CVE-2002-1519;0.042780000;0.908060000
CVE-2002-1518;0.003330000;0.242890000
CVE-2002-1517;0.003370000;0.248860000
CVE-2002-1516;0.003310000;0.240380000
CVE-2002-1515;0.022760000;0.825150000
CVE-2002-1514;0.008440000;0.565120000
CVE-2002-1513;0.007770000;0.542990000
CVE-2002-1512;0.007930000;0.548270000
CVE-2002-1511;0.018080000;0.778390000
CVE-2002-1510;0.019670000;0.796840000
CVE-2002-1509;0.003730000;0.288890000
CVE-2002-1508;0.003360000;0.246690000
CVE-2002-1507;0.012580000;0.685500000
CVE-2002-1506;0.016100000;0.750980000
CVE-2002-1505;0.024180000;0.835960000
CVE-2002-1504;0.018740000;0.786660000
CVE-2002-1503;0.011500000;0.657730000
CVE-2002-1502;0.004350000;0.355250000
CVE-2002-1501;0.069580000;0.939370000
CVE-2002-1500;0.004080000;0.327670000
CVE-2002-1499;0.024790000;0.840210000
CVE-2002-1498;0.023360000;0.829960000
CVE-2002-1497;0.016850000;0.762010000
CVE-2002-1496;0.225270000;0.976490000
CVE-2002-1495;0.020390000;0.804370000
CVE-2002-1494;0.035410000;0.889180000
CVE-2002-1493;0.017360000;0.768870000
CVE-2002-1492;0.017160000;0.766380000
CVE-2002-1491;0.011600000;0.660070000
CVE-2002-1490;0.003340000;0.244970000
CVE-2002-1489;0.105970000;0.956640000
CVE-2002-1488;0.029770000;0.868130000
CVE-2002-1487;0.136370000;0.963750000
CVE-2002-1486;0.093570000;0.952530000
CVE-2002-1485;0.012580000;0.685490000
CVE-2002-1484;0.136590000;0.963810000
CVE-2002-1483;0.084510000;0.948580000
CVE-2002-1482;0.036790000;0.893350000
CVE-2002-1481;0.071850000;0.941230000
CVE-2002-1480;0.042730000;0.907980000
CVE-2002-1479;0.004670000;0.382190000
CVE-2002-1478;0.025070000;0.842060000
CVE-2002-1477;0.022840000;0.825720000
CVE-2002-1476;0.004410000;0.361320000
CVE-2002-1475;0.022470000;0.822910000
CVE-2002-1474;0.022470000;0.822910000
CVE-2002-1473;0.045030000;0.912160000
CVE-2002-1472;0.003690000;0.285590000
CVE-2002-1471;0.009230000;0.590400000
CVE-2002-1470;0.004770000;0.390330000
CVE-2002-1469;0.028650000;0.863080000
CVE-2002-1468;0.041230000;0.904950000
CVE-2002-1467;0.019070000;0.790510000
CVE-2002-1466;0.026730000;0.852810000
CVE-2002-1465;0.013800000;0.711640000
CVE-2002-1464;0.015070000;0.735000000
CVE-2002-1463;0.069120000;0.939010000
CVE-2002-1462;0.014810000;0.730450000
CVE-2002-1461;0.023540000;0.831430000
CVE-2002-1460;0.019130000;0.791060000
CVE-2002-1459;0.016300000;0.753890000
CVE-2002-1458;0.016300000;0.753890000
CVE-2002-1457;0.012460000;0.682690000
CVE-2002-1456;0.115960000;0.959250000
CVE-2002-1455;0.039400000;0.900800000
CVE-2002-1454;0.017160000;0.766310000
CVE-2002-1453;0.039120000;0.899850000
CVE-2002-1452;0.050680000;0.920710000
CVE-2002-1451;0.082820000;0.947630000
CVE-2002-1450;0.011390000;0.654710000
CVE-2002-1449;0.027320000;0.856010000
CVE-2002-1448;0.015490000;0.741930000
CVE-2002-1447;0.014590000;0.726430000
CVE-2002-1446;0.013510000;0.705600000
CVE-2002-1445;0.038700000;0.898840000
CVE-2002-1444;0.135430000;0.963510000
CVE-2002-1443;0.012850000;0.691320000
CVE-2002-1442;0.013740000;0.710630000
CVE-2002-1441;0.062570000;0.933630000
CVE-2002-1440;0.017440000;0.769860000
CVE-2002-1439;0.005820000;0.458820000
CVE-2002-1438;0.024260000;0.836510000
CVE-2002-1437;0.170310000;0.969910000
CVE-2002-1436;0.071590000;0.941010000
CVE-2002-1435;0.068400000;0.938420000
CVE-2002-1434;0.043130000;0.908650000
CVE-2002-1433;0.016140000;0.751560000
CVE-2002-1432;0.077700000;0.944740000
CVE-2002-1431;0.024230000;0.836290000
CVE-2002-1430;0.015660000;0.744440000
CVE-2002-1429;0.066100000;0.936580000
CVE-2002-1428;0.055100000;0.925570000
CVE-2002-1427;0.069360000;0.939210000
CVE-2002-1426;0.196750000;0.973260000
CVE-2002-1425;0.018810000;0.787390000
CVE-2002-1424;0.040030000;0.902390000
CVE-2002-1423;0.034520000;0.886410000
CVE-2002-1422;0.066100000;0.936570000
CVE-2002-1421;0.021290000;0.813110000
CVE-2002-1420;0.003300000;0.238170000
CVE-2002-1419;0.014690000;0.728340000
CVE-2002-1418;0.026720000;0.852650000
CVE-2002-1417;0.166150000;0.969330000
CVE-2002-1416;0.017720000;0.773860000
CVE-2002-1415;0.033690000;0.883670000
CVE-2002-1414;0.008580000;0.570200000
CVE-2002-1413;0.033170000;0.881940000
CVE-2002-1412;0.394980000;0.985730000
CVE-2002-1411;0.042990000;0.908400000
CVE-2002-1410;0.028130000;0.860530000
CVE-2002-1409;0.006280000;0.482600000
CVE-2002-1408;0.021420000;0.814100000
CVE-2002-1407;0.010570000;0.632650000
CVE-2002-1406;0.005860000;0.461110000
CVE-2002-1405;0.050390000;0.920350000
CVE-2002-1403;0.004170000;0.338200000
CVE-2002-1402;0.004790000;0.391230000
CVE-2002-1401;0.021920000;0.818190000
CVE-2002-1400;0.039370000;0.900710000
CVE-2002-1399;0.017910000;0.776100000
CVE-2002-1398;0.005370000;0.432510000
CVE-2002-1397;0.027540000;0.857290000
CVE-2002-1396;0.036500000;0.892520000
CVE-2002-1395;0.003710000;0.287540000
CVE-2002-1394;0.058550000;0.929740000
CVE-2002-1393;0.036710000;0.893130000
CVE-2002-1392;0.003620000;0.276670000
CVE-2002-1391;0.037000000;0.893980000
CVE-2002-1390;0.014270000;0.720450000
CVE-2002-1389;0.003780000;0.294530000
CVE-2002-1388;0.012350000;0.680130000
CVE-2002-1387;0.003210000;0.228640000
CVE-2002-1386;0.004620000;0.378710000
CVE-2002-1385;0.004100000;0.329310000
CVE-2002-1384;0.006940000;0.512840000
CVE-2002-1383;0.090620000;0.951510000
CVE-2002-1382;0.027590000;0.857550000
CVE-2002-1381;0.023010000;0.827160000
CVE-2002-1380;0.008730000;0.574880000
CVE-2002-1379;0.029120000;0.865340000
CVE-2002-1378;0.069960000;0.939730000
CVE-2002-1377;0.004730000;0.387480000
CVE-2002-1376;0.067850000;0.938010000
CVE-2002-1375;0.235110000;0.977390000
CVE-2002-1374;0.204510000;0.974300000
CVE-2002-1373;0.036430000;0.892310000
CVE-2002-1372;0.029740000;0.868000000
CVE-2002-1371;0.049230000;0.918640000
CVE-2002-1369;0.082000000;0.947190000
CVE-2002-1368;0.154720000;0.967090000
CVE-2002-1367;0.036800000;0.893360000
CVE-2002-1366;0.003290000;0.237580000
CVE-2002-1365;0.049500000;0.919090000
CVE-2002-1364;0.016580000;0.758090000
CVE-2002-1363;0.061400000;0.932490000
CVE-2002-1362;0.016700000;0.759780000
CVE-2002-1361;0.118730000;0.959860000
CVE-2002-1360;0.061400000;0.932510000
CVE-2002-1359;0.802330000;0.996110000
CVE-2002-1358;0.058380000;0.929530000
CVE-2002-1357;0.097670000;0.954010000
CVE-2002-1356;0.028910000;0.864370000
CVE-2002-1355;0.017120000;0.765840000
CVE-2002-1354;0.013410000;0.703620000
CVE-2002-1353;0.013880000;0.713250000
CVE-2002-1352;0.012210000;0.676530000
CVE-2002-1351;0.057610000;0.928550000
CVE-2002-1350;0.023670000;0.832250000
CVE-2002-1349;0.012020000;0.671670000
CVE-2002-1348;0.020270000;0.803290000
CVE-2002-1347;0.070780000;0.940350000
CVE-2002-1345;0.027760000;0.858820000
CVE-2002-1344;0.042490000;0.907530000
CVE-2002-1342;0.021650000;0.816090000
CVE-2002-1341;0.019670000;0.796870000
CVE-2002-1340;0.119680000;0.960090000
CVE-2002-1339;0.119680000;0.960090000
CVE-2002-1338;0.234360000;0.977320000
CVE-2002-1337;0.726440000;0.994310000
CVE-2002-1336;0.024040000;0.834840000
CVE-2002-1335;0.024780000;0.840180000
CVE-2002-1334;0.046910000;0.915200000
CVE-2002-1327;0.234190000;0.977310000
CVE-2002-1325;0.138580000;0.964240000
CVE-2002-1323;0.004620000;0.378770000
CVE-2002-1322;0.071690000;0.941080000
CVE-2002-1321;0.032500000;0.879120000
CVE-2002-1320;0.096170000;0.953480000
CVE-2002-1319;0.003730000;0.288920000
CVE-2002-1318;0.519140000;0.989210000
CVE-2002-1317;0.240290000;0.977810000
CVE-2002-1316;0.020380000;0.804260000
CVE-2002-1315;0.016410000;0.755670000
CVE-2002-1313;0.003390000;0.250500000
CVE-2002-1312;0.019670000;0.796850000
CVE-2002-1311;0.003400000;0.252000000
CVE-2002-1310;0.021920000;0.818140000
CVE-2002-1309;0.019910000;0.799420000
CVE-2002-1308;0.036630000;0.892950000
CVE-2002-1307;0.040220000;0.902780000
CVE-2002-1306;0.058000000;0.929040000
CVE-2002-1296;0.006190000;0.478390000
CVE-2002-1295;0.154430000;0.967050000
CVE-2002-1294;0.147460000;0.965850000
CVE-2002-1293;0.154430000;0.967050000
CVE-2002-1292;0.224450000;0.976370000
CVE-2002-1291;0.183720000;0.971520000
CVE-2002-1290;0.143270000;0.965130000
CVE-2002-1289;0.163140000;0.968710000
CVE-2002-1288;0.174070000;0.970420000
CVE-2002-1287;0.201610000;0.973940000
CVE-2002-1286;0.205030000;0.974460000
CVE-2002-1285;0.003690000;0.284340000
CVE-2002-1284;0.003400000;0.252020000
CVE-2002-1283;0.019580000;0.796090000
CVE-2002-1282;0.044410000;0.911090000
CVE-2002-1281;0.052180000;0.922630000
CVE-2002-1280;0.010390000;0.627430000
CVE-2002-1279;0.004030000;0.322190000
CVE-2002-1278;0.024530000;0.838440000
CVE-2002-1277;0.046370000;0.914460000
CVE-2002-1276;0.013660000;0.708840000
CVE-2002-1275;0.092460000;0.952180000
CVE-2002-1272;0.052820000;0.923270000
CVE-2002-1271;0.035600000;0.889680000
CVE-2002-1270;0.003260000;0.233900000
CVE-2002-1269;0.003060000;0.213020000
CVE-2002-1268;0.003220000;0.229460000
CVE-2002-1267;0.015440000;0.741000000
CVE-2002-1266;0.003220000;0.229450000
CVE-2002-1265;0.025020000;0.841730000
CVE-2002-1264;0.077240000;0.944500000
CVE-2002-1262;0.119860000;0.960140000
CVE-2002-1260;0.155220000;0.967170000
CVE-2002-1258;0.153040000;0.966780000
CVE-2002-1257;0.153030000;0.966780000
CVE-2002-1256;0.054130000;0.924580000
CVE-2002-1255;0.140280000;0.964570000
CVE-2002-1254;0.535100000;0.989630000
CVE-2002-1253;0.005100000;0.414000000
CVE-2002-1252;0.013730000;0.710210000
CVE-2002-1251;0.062420000;0.933480000
CVE-2002-1250;0.009940000;0.613310000
CVE-2002-1248;0.032360000;0.878580000
CVE-2002-1247;0.005150000;0.417800000
CVE-2002-1245;0.004620000;0.378150000
CVE-2002-1244;0.029580000;0.867320000
CVE-2002-1242;0.041050000;0.904600000
CVE-2002-1239;0.009030000;0.583760000
CVE-2002-1238;0.070790000;0.940360000
CVE-2002-1236;0.071240000;0.940720000
CVE-2002-1235;0.151050000;0.966440000
CVE-2002-1233;0.005640000;0.449110000
CVE-2002-1232;0.032510000;0.879150000
CVE-2002-1231;0.003300000;0.238760000
CVE-2002-1230;0.023530000;0.831270000
CVE-2002-1229;0.032830000;0.880630000
CVE-2002-1228;0.017980000;0.777070000
CVE-2002-1227;0.024260000;0.836480000
CVE-2002-1226;0.023900000;0.833860000
CVE-2002-1225;0.045490000;0.913040000
CVE-2002-1224;0.088420000;0.950580000
CVE-2002-1223;0.033480000;0.882940000
CVE-2002-1222;0.086370000;0.949580000
CVE-2002-1221;0.075730000;0.943560000
CVE-2002-1220;0.096000000;0.953440000
CVE-2002-1219;0.123220000;0.960800000
CVE-2002-1217;0.498120000;0.988670000
CVE-2002-1216;0.015710000;0.745330000
CVE-2002-1215;0.063290000;0.934260000
CVE-2002-1214;0.508320000;0.988950000
CVE-2002-1213;0.018680000;0.785930000
CVE-2002-1212;0.018120000;0.779070000
CVE-2002-1211;0.028400000;0.861910000
CVE-2002-1210;0.008110000;0.554570000
CVE-2002-1209;0.129430000;0.962100000
CVE-2002-1204;0.013180000;0.698170000
CVE-2002-1203;0.016570000;0.757880000
CVE-2002-1202;0.015710000;0.745240000
CVE-2002-1201;0.020990000;0.810440000
CVE-2002-1200;0.055780000;0.926430000
CVE-2002-1199;0.022380000;0.822270000
CVE-2002-1198;0.010880000;0.641540000
CVE-2002-1197;0.023430000;0.830550000
CVE-2002-1196;0.015890000;0.747860000
CVE-2002-1195;0.010350000;0.626320000
CVE-2002-1194;0.032150000;0.877780000
CVE-2002-1193;0.003380000;0.249690000
CVE-2002-1192;0.007090000;0.518600000
CVE-2002-1191;0.017970000;0.776870000
CVE-2002-1190;0.016120000;0.751300000
CVE-2002-1189;0.003540000;0.268560000
CVE-2002-1188;0.122930000;0.960750000
CVE-2002-1187;0.150290000;0.966310000
CVE-2002-1186;0.191210000;0.972480000
CVE-2002-1185;0.213420000;0.975390000
CVE-2002-1184;0.027600000;0.857660000
CVE-2002-1183;0.193400000;0.972730000
CVE-2002-1182;0.360670000;0.984350000
CVE-2002-1181;0.394140000;0.985700000
CVE-2002-1180;0.096880000;0.953720000
CVE-2002-1179;0.220770000;0.976050000
CVE-2002-1178;0.094550000;0.952890000
CVE-2002-1177;0.026320000;0.850230000
CVE-2002-1176;0.023450000;0.830660000
CVE-2002-1175;0.019920000;0.799580000
CVE-2002-1174;0.047270000;0.915720000
CVE-2002-1170;0.018380000;0.782270000
CVE-2002-1169;0.071240000;0.940730000
CVE-2002-1168;0.016350000;0.754770000
CVE-2002-1167;0.032780000;0.880350000
CVE-2002-1166;0.033360000;0.882540000
CVE-2002-1165;0.010990000;0.644850000
CVE-2002-1160;0.004310000;0.351650000
CVE-2002-1159;0.018980000;0.789450000
CVE-2002-1158;0.004940000;0.402640000
CVE-2002-1157;0.097010000;0.953780000
CVE-2002-1156;0.149470000;0.966170000
CVE-2002-1155;0.010610000;0.633870000
CVE-2002-1154;0.016700000;0.759780000
CVE-2002-1153;0.033590000;0.883340000
CVE-2002-1152;0.016250000;0.753170000
CVE-2002-1151;0.035860000;0.890610000
CVE-2002-1150;0.037850000;0.896460000
CVE-2002-1149;0.019700000;0.797170000
CVE-2002-1148;0.186480000;0.971880000
CVE-2002-1147;0.066680000;0.936970000
CVE-2002-1146;0.032790000;0.880380000
CVE-2002-1145;0.083450000;0.948010000
CVE-2002-1143;0.535640000;0.989640000
CVE-2002-1142;0.760040000;0.995180000
CVE-2002-1141;0.139030000;0.964320000
CVE-2002-1140;0.139030000;0.964310000
CVE-2002-1139;0.042310000;0.907200000
CVE-2002-1138;0.047090000;0.915490000
CVE-2002-1137;0.093920000;0.952690000
CVE-2002-1135;0.065800000;0.936360000
CVE-2002-1134;0.019390000;0.794100000
CVE-2002-1133;0.018200000;0.780020000
CVE-2002-1132;0.016000000;0.749450000
CVE-2002-1131;0.257540000;0.979160000
CVE-2002-1129;0.010280000;0.624030000
CVE-2002-1128;0.004600000;0.377070000
CVE-2002-1127;0.004600000;0.377060000
CVE-2002-1126;0.015230000;0.737380000
CVE-2002-1125;0.007910000;0.547710000
CVE-2002-1124;0.004390000;0.359060000
CVE-2002-1123;0.777120000;0.995560000
CVE-2002-1122;0.031700000;0.875930000
CVE-2002-1121;0.066670000;0.936960000
CVE-2002-1120;0.665930000;0.992700000
CVE-2002-1119;0.004910000;0.400100000
CVE-2002-1118;0.033140000;0.881820000
CVE-2002-1117;0.017520000;0.771040000
CVE-2002-1116;0.013610000;0.707950000
CVE-2002-1115;0.015800000;0.746500000
CVE-2002-1114;0.028290000;0.861340000
CVE-2002-1113;0.032670000;0.880010000
CVE-2002-1112;0.015200000;0.736990000
CVE-2002-1111;0.014250000;0.720050000
CVE-2002-1110;0.022090000;0.819830000
CVE-2002-1109;0.003570000;0.271290000
CVE-2002-1108;0.011800000;0.666430000
CVE-2002-1107;0.018100000;0.778750000
CVE-2002-1106;0.009510000;0.599580000
CVE-2002-1105;0.003830000;0.299550000
CVE-2002-1104;0.016160000;0.751840000
CVE-2002-1103;0.014170000;0.718630000
CVE-2002-1102;0.016160000;0.751820000
CVE-2002-1101;0.033770000;0.883900000
CVE-2002-1100;0.016570000;0.757910000
CVE-2002-1099;0.015040000;0.734390000
CVE-2002-1098;0.013170000;0.698000000
CVE-2002-1097;0.011330000;0.653140000
CVE-2002-1096;0.013170000;0.698000000
CVE-2002-1095;0.010130000;0.619820000
CVE-2002-1094;0.015800000;0.746490000
CVE-2002-1093;0.016160000;0.751830000
CVE-2002-1092;0.013950000;0.714480000
CVE-2002-1091;0.042840000;0.908170000
CVE-2002-1090;0.019640000;0.796570000
CVE-2002-1089;0.054490000;0.924920000
CVE-2002-1088;0.033370000;0.882590000
CVE-2002-1087;0.016730000;0.760180000
CVE-2002-1086;0.019490000;0.795280000
CVE-2002-1085;0.024910000;0.841040000
CVE-2002-1084;0.025710000;0.846370000
CVE-2002-1083;0.018170000;0.779730000
CVE-2002-1082;0.014810000;0.730440000
CVE-2002-1081;0.015390000;0.740160000
CVE-2002-1080;0.017910000;0.776130000
CVE-2002-1079;0.047250000;0.915690000
CVE-2002-1078;0.027590000;0.857570000
CVE-2002-1077;0.106610000;0.956830000
CVE-2002-1076;0.138410000;0.964200000
CVE-2002-1075;0.057340000;0.928260000
CVE-2002-1073;0.057340000;0.928260000
CVE-2002-1072;0.032130000;0.877700000
CVE-2002-1071;0.033180000;0.881970000
CVE-2002-1070;0.027760000;0.858810000
CVE-2002-1069;0.018780000;0.787110000
CVE-2002-1068;0.014230000;0.719710000
CVE-2002-1067;0.018120000;0.779070000
CVE-2002-1066;0.040920000;0.904290000
CVE-2002-1065;0.013510000;0.705690000
CVE-2002-1064;0.023020000;0.827290000
CVE-2002-1063;0.024420000;0.837590000
CVE-2002-1062;0.027260000;0.855690000
CVE-2002-1061;0.055000000;0.925440000
CVE-2002-1060;0.048710000;0.917880000
CVE-2002-1059;0.603050000;0.991180000
CVE-2002-1058;0.043690000;0.909760000
CVE-2002-1057;0.099050000;0.954490000
CVE-2002-1056;0.185370000;0.971770000
CVE-2002-1055;0.018120000;0.779060000
CVE-2002-1054;0.022380000;0.822280000
CVE-2002-1053;0.020930000;0.809810000
CVE-2002-1052;0.028270000;0.861260000
CVE-2002-1051;0.005880000;0.462200000
CVE-2002-1050;0.047480000;0.916100000
CVE-2002-1049;0.019490000;0.795240000
CVE-2002-1048;0.135220000;0.963450000
CVE-2002-1047;0.013510000;0.705700000
CVE-2002-1046;0.017410000;0.769450000
CVE-2002-1045;0.017410000;0.769440000
CVE-2002-1044;0.039050000;0.899670000
CVE-2002-1043;0.032820000;0.880550000
CVE-2002-1042;0.038540000;0.898390000
CVE-2002-1041;0.011090000;0.647200000
CVE-2002-1040;0.011090000;0.647200000
CVE-2002-1039;0.018710000;0.786310000
CVE-2002-1038;0.015390000;0.740200000
CVE-2002-1037;0.018640000;0.785410000
CVE-2002-1036;0.071770000;0.941170000
CVE-2002-1035;0.016320000;0.754230000
CVE-2002-1034;0.043490000;0.909330000
CVE-2002-1033;0.035510000;0.889430000
CVE-2002-1032;0.023450000;0.830660000
CVE-2002-1031;0.080390000;0.946270000
CVE-2002-1030;0.013710000;0.709840000
CVE-2002-1029;0.032130000;0.877700000
CVE-2002-1028;0.035350000;0.888950000
CVE-2002-1027;0.028200000;0.860940000
CVE-2002-1026;0.028170000;0.860770000
CVE-2002-1025;0.020090000;0.801620000
CVE-2002-1024;0.032970000;0.881180000
CVE-2002-1023;0.032130000;0.877700000
CVE-2002-1022;0.027020000;0.854370000
CVE-2002-1021;0.032210000;0.878120000
CVE-2002-1020;0.022690000;0.824560000
CVE-2002-1019;0.026420000;0.850790000
CVE-2002-1018;0.024730000;0.839810000
CVE-2002-1017;0.004140000;0.333980000
CVE-2002-1016;0.016250000;0.753150000
CVE-2002-1015;0.020430000;0.804870000
CVE-2002-1014;0.081040000;0.946660000
CVE-2002-1013;0.007930000;0.548590000
CVE-2002-1012;0.033360000;0.882540000
CVE-2002-1011;0.033360000;0.882540000
CVE-2002-1010;0.014030000;0.716160000
CVE-2002-1009;0.070230000;0.939920000
CVE-2002-1008;0.070990000;0.940510000
CVE-2002-1007;0.027900000;0.859370000
CVE-2002-1006;0.043600000;0.909550000
CVE-2002-1005;0.019720000;0.797360000
CVE-2002-1004;0.083380000;0.947990000
CVE-2002-1003;0.032150000;0.877790000
CVE-2002-1002;0.020010000;0.800510000
CVE-2002-1001;0.065030000;0.935710000
CVE-2002-1000;0.032500000;0.879120000
CVE-2002-0999;0.013800000;0.711650000
CVE-2002-0998;0.022760000;0.825160000
CVE-2002-0997;0.018820000;0.787480000
CVE-2002-0996;0.035260000;0.888720000
CVE-2002-0995;0.028200000;0.860950000
CVE-2002-0994;0.028910000;0.864370000
CVE-2002-0993;0.005120000;0.415570000
CVE-2002-0992;0.005860000;0.461220000
CVE-2002-0991;0.024140000;0.835610000
CVE-2002-0990;0.016730000;0.760230000
CVE-2002-0989;0.031900000;0.876680000
CVE-2002-0988;0.019580000;0.796100000
CVE-2002-0987;0.007060000;0.517270000
CVE-2002-0986;0.047000000;0.915340000
CVE-2002-0985;0.029510000;0.867080000
CVE-2002-0984;0.037400000;0.895170000
CVE-2002-0983;0.019570000;0.795940000
CVE-2002-0982;0.078210000;0.945040000
CVE-2002-0981;0.004600000;0.377060000
CVE-2002-0980;0.266750000;0.979700000
CVE-2002-0979;0.064570000;0.935330000
CVE-2002-0978;0.083500000;0.948040000
CVE-2002-0977;0.109300000;0.957640000
CVE-2002-0976;0.143030000;0.965090000
CVE-2002-0975;0.127790000;0.961700000
CVE-2002-0974;0.149660000;0.966190000
CVE-2002-0973;0.003480000;0.260540000
CVE-2002-0972;0.004930000;0.401620000
CVE-2002-0971;0.003960000;0.314440000
CVE-2002-0970;0.028380000;0.861800000
CVE-2002-0969;0.014460000;0.723990000
CVE-2002-0968;0.064670000;0.935450000
CVE-2002-0967;0.039480000;0.900970000
CVE-2002-0966;0.032150000;0.877790000
CVE-2002-0965;0.698100000;0.993550000
CVE-2002-0964;0.031550000;0.875350000
CVE-2002-0963;0.013820000;0.711990000
CVE-2002-0962;0.085960000;0.949350000
CVE-2002-0961;0.011790000;0.665940000
CVE-2002-0960;0.017520000;0.770810000
CVE-2002-0959;0.071770000;0.941160000
CVE-2002-0958;0.015880000;0.747680000
CVE-2002-0957;0.012580000;0.685510000
CVE-2002-0956;0.014850000;0.731130000
CVE-2002-0955;0.085500000;0.949130000
CVE-2002-0954;0.007010000;0.515480000
CVE-2002-0953;0.037770000;0.896220000
CVE-2002-0952;0.016570000;0.757900000
CVE-2002-0951;0.020500000;0.805530000
CVE-2002-0950;0.027260000;0.855700000
CVE-2002-0949;0.028800000;0.863830000
CVE-2002-0948;0.076290000;0.943940000
CVE-2002-0947;0.095420000;0.953230000
CVE-2002-0946;0.037570000;0.895600000
CVE-2002-0945;0.042460000;0.907450000
CVE-2002-0944;0.015880000;0.747680000
CVE-2002-0943;0.014810000;0.730450000
CVE-2002-0942;0.061990000;0.933080000
CVE-2002-0941;0.003990000;0.317700000
CVE-2002-0940;0.003950000;0.314050000
CVE-2002-0939;0.003480000;0.260540000
CVE-2002-0938;0.030610000;0.871690000
CVE-2002-0937;0.073990000;0.942580000
CVE-2002-0936;0.273140000;0.980070000
CVE-2002-0935;0.078540000;0.945240000
CVE-2002-0934;0.019840000;0.798680000
CVE-2002-0933;0.015710000;0.745200000
CVE-2002-0932;0.012480000;0.682890000
CVE-2002-0931;0.030730000;0.872180000
CVE-2002-0930;0.016760000;0.760650000
CVE-2002-0929;0.018820000;0.787480000
CVE-2002-0928;0.057340000;0.928260000
CVE-2002-0926;0.056680000;0.927520000
CVE-2002-0925;0.033860000;0.884170000
CVE-2002-0924;0.013870000;0.712980000
CVE-2002-0923;0.069780000;0.939530000
CVE-2002-0922;0.032360000;0.878570000
CVE-2002-0921;0.013090000;0.696250000
CVE-2002-0920;0.012700000;0.688110000
CVE-2002-0919;0.031010000;0.873210000
CVE-2002-0918;0.034970000;0.887860000
CVE-2002-0917;0.024260000;0.836500000
CVE-2002-0916;0.029430000;0.866780000
CVE-2002-0915;0.003870000;0.304770000
CVE-2002-0914;0.016750000;0.760540000
CVE-2002-0913;0.045110000;0.912300000
CVE-2002-0912;0.027320000;0.856040000
CVE-2002-0911;0.003630000;0.278870000
CVE-2002-0910;0.030640000;0.871770000
CVE-2002-0909;0.027670000;0.858090000
CVE-2002-0908;0.041830000;0.906250000
CVE-2002-0907;0.056340000;0.927210000
CVE-2002-0906;0.044110000;0.910410000
CVE-2002-0905;0.010710000;0.636980000
CVE-2002-0904;0.021890000;0.817950000
CVE-2002-0903;0.017710000;0.773760000
CVE-2002-0902;0.071570000;0.941000000
CVE-2002-0901;0.057000000;0.927820000
CVE-2002-0900;0.057960000;0.929000000
CVE-2002-0899;0.017660000;0.772930000
CVE-2002-0898;0.059570000;0.930700000
CVE-2002-0897;0.028120000;0.860500000
CVE-2002-0896;0.013760000;0.711000000
CVE-2002-0895;0.055930000;0.926670000
CVE-2002-0894;0.033180000;0.881970000
CVE-2002-0893;0.082970000;0.947690000
CVE-2002-0892;0.075560000;0.943470000
CVE-2002-0891;0.016320000;0.754200000
CVE-2002-0889;0.002850000;0.190720000
CVE-2002-0888;0.015840000;0.747060000
CVE-2002-0887;0.006880000;0.510580000
CVE-2002-0886;0.053700000;0.924150000
CVE-2002-0885;0.032500000;0.879130000
CVE-2002-0884;0.027560000;0.857420000
CVE-2002-0883;0.003880000;0.305310000
CVE-2002-0882;0.027490000;0.856960000
CVE-2002-0881;0.003940000;0.313030000
CVE-2002-0880;0.013070000;0.695880000
CVE-2002-0879;0.032830000;0.880620000
CVE-2002-0878;0.012890000;0.692060000
CVE-2002-0877;0.020390000;0.804410000
CVE-2002-0876;0.071690000;0.941080000
CVE-2002-0875;0.009630000;0.603290000
CVE-2002-0874;0.058360000;0.929500000
CVE-2002-0873;0.012810000;0.690430000
CVE-2002-0872;0.016120000;0.751310000
CVE-2002-0871;0.003710000;0.287300000
CVE-2002-0870;0.014990000;0.733680000
CVE-2002-0869;0.236360000;0.977520000
CVE-2002-0867;0.272670000;0.980060000
CVE-2002-0866;0.413560000;0.986340000
CVE-2002-0865;0.198410000;0.973470000
CVE-2002-0864;0.160080000;0.968170000
CVE-2002-0863;0.219760000;0.975970000
CVE-2002-0862;0.157600000;0.967760000
CVE-2002-0861;0.158290000;0.967860000
CVE-2002-0860;0.187660000;0.972020000
CVE-2002-0859;0.261750000;0.979430000
CVE-2002-0858;0.021740000;0.816810000
CVE-2002-0857;0.137890000;0.964120000
CVE-2002-0856;0.026950000;0.854060000
CVE-2002-0855;0.061050000;0.932210000
CVE-2002-0854;0.003430000;0.255430000
CVE-2002-0853;0.021550000;0.815260000
CVE-2002-0852;0.012990000;0.694260000
CVE-2002-0851;0.010510000;0.630880000
CVE-2002-0850;0.031700000;0.875910000
CVE-2002-0849;0.003750000;0.291060000
CVE-2002-0848;0.021240000;0.812530000
CVE-2002-0847;0.028290000;0.861340000
CVE-2002-0846;0.031810000;0.876390000
CVE-2002-0845;0.133350000;0.963010000
CVE-2002-0844;0.006500000;0.493970000
CVE-2002-0843;0.214210000;0.975450000
CVE-2002-0842;0.146340000;0.965620000
CVE-2002-0840;0.950870000;0.998630000
CVE-2002-0839;0.009440000;0.596970000
CVE-2002-0838;0.020250000;0.803160000
CVE-2002-0837;0.034710000;0.887040000
CVE-2002-0836;0.079530000;0.945800000
CVE-2002-0835;0.069370000;0.939220000
CVE-2002-0834;0.024760000;0.840040000
CVE-2002-0833;0.029960000;0.868960000
CVE-2002-0832;0.099340000;0.954620000
CVE-2002-0831;0.003320000;0.241270000
CVE-2002-0830;0.017970000;0.776880000
CVE-2002-0829;0.003290000;0.237930000
CVE-2002-0827;0.003630000;0.278860000
CVE-2002-0826;0.121770000;0.960480000
CVE-2002-0825;0.024760000;0.840040000
CVE-2002-0824;0.006600000;0.498530000
CVE-2002-0823;0.261750000;0.979430000
CVE-2002-0822;0.014800000;0.730240000
CVE-2002-0821;0.027780000;0.858900000
CVE-2002-0820;0.004110000;0.330990000
CVE-2002-0819;0.003550000;0.269170000
CVE-2002-0818;0.040520000;0.903440000
CVE-2002-0817;0.007630000;0.538260000
CVE-2002-0816;0.004410000;0.360610000
CVE-2002-0815;0.036610000;0.892840000
CVE-2002-0814;0.137020000;0.963900000
CVE-2002-0813;0.090850000;0.951590000
CVE-2002-0812;0.031720000;0.876020000
CVE-2002-0811;0.017300000;0.767990000
CVE-2002-0810;0.011960000;0.670280000
CVE-2002-0809;0.011160000;0.649070000
CVE-2002-0808;0.011160000;0.649080000
CVE-2002-0807;0.013030000;0.695150000
CVE-2002-0806;0.003090000;0.216040000
CVE-2002-0805;0.003280000;0.236410000
CVE-2002-0804;0.013960000;0.714610000
CVE-2002-0803;0.013520000;0.705960000
CVE-2002-0802;0.010850000;0.640810000
CVE-2002-0801;0.091330000;0.951760000
CVE-2002-0800;0.016010000;0.749480000
CVE-2002-0799;0.139450000;0.964410000
CVE-2002-0798;0.005280000;0.426670000
CVE-2002-0797;0.033150000;0.881860000
CVE-2002-0796;0.044020000;0.910290000
CVE-2002-0795;0.004690000;0.384070000
CVE-2002-0794;0.016320000;0.754250000
CVE-2002-0793;0.013430000;0.704030000
CVE-2002-0792;0.025120000;0.842470000
CVE-2002-0791;0.016760000;0.760650000
CVE-2002-0790;0.003510000;0.264820000
CVE-2002-0789;0.033360000;0.882530000
CVE-2002-0788;0.003750000;0.291780000
CVE-2002-0787;0.028800000;0.863830000
CVE-2002-0786;0.031920000;0.876740000
CVE-2002-0785;0.037420000;0.895250000
CVE-2002-0784;0.019870000;0.799030000
CVE-2002-0783;0.028130000;0.860540000
CVE-2002-0782;0.016580000;0.757990000
CVE-2002-0781;0.018000000;0.777410000
CVE-2002-0780;0.016760000;0.760640000
CVE-2002-0779;0.016760000;0.760650000
CVE-2002-0778;0.016120000;0.751320000
CVE-2002-0777;0.103210000;0.955780000
CVE-2002-0776;0.017910000;0.776130000
CVE-2002-0775;0.082600000;0.947500000
CVE-2002-0774;0.027200000;0.855380000
CVE-2002-0773;0.044910000;0.911930000
CVE-2002-0772;0.092410000;0.952160000
CVE-2002-0771;0.072350000;0.941520000
CVE-2002-0770;0.055260000;0.925730000
CVE-2002-0769;0.084690000;0.948670000
CVE-2002-0768;0.021160000;0.811820000
CVE-2002-0767;0.014390000;0.722600000
CVE-2002-0766;0.005890000;0.462670000
CVE-2002-0765;0.012770000;0.689590000
CVE-2002-0764;0.383010000;0.985260000
CVE-2002-0763;0.021660000;0.816170000
CVE-2002-0762;0.003630000;0.278860000
CVE-2002-0761;0.003870000;0.303880000
CVE-2002-0760;0.002980000;0.204760000
CVE-2002-0759;0.013480000;0.705100000
CVE-2002-0758;0.021100000;0.811350000
CVE-2002-0757;0.018510000;0.783880000
CVE-2002-0756;0.016780000;0.760930000
CVE-2002-0755;0.004460000;0.365420000
CVE-2002-0754;0.003880000;0.305310000
CVE-2002-0753;0.058550000;0.929740000
CVE-2002-0752;0.020480000;0.805370000
CVE-2002-0751;0.027050000;0.854550000
CVE-2002-0750;0.020590000;0.806420000
CVE-2002-0749;0.110220000;0.957890000
CVE-2002-0748;0.102790000;0.955650000
CVE-2002-0747;0.059960000;0.931080000
CVE-2002-0746;0.018400000;0.782460000
CVE-2002-0745;0.014980000;0.733410000
CVE-2002-0744;0.014980000;0.733410000
CVE-2002-0743;0.014980000;0.733420000
CVE-2002-0742;0.014980000;0.733410000
CVE-2002-0741;0.079900000;0.945980000
CVE-2002-0740;0.014700000;0.728640000
CVE-2002-0739;0.017710000;0.773770000
CVE-2002-0738;0.025150000;0.842700000
CVE-2002-0737;0.089200000;0.950950000
CVE-2002-0736;0.315720000;0.982430000
CVE-2002-0735;0.029430000;0.866770000
CVE-2002-0734;0.070110000;0.939840000
CVE-2002-0733;0.080280000;0.946180000
CVE-2002-0732;0.027540000;0.857270000
CVE-2002-0731;0.027240000;0.855590000
CVE-2002-0730;0.068600000;0.938570000
CVE-2002-0729;0.106640000;0.956830000
CVE-2002-0728;0.020920000;0.809770000
CVE-2002-0727;0.188460000;0.972120000
CVE-2002-0726;0.173700000;0.970370000
CVE-2002-0725;0.011990000;0.670950000
CVE-2002-0724;0.256860000;0.979110000
CVE-2002-0723;0.150310000;0.966320000
CVE-2002-0722;0.130610000;0.962430000
CVE-2002-0721;0.463070000;0.987820000
CVE-2002-0720;0.021760000;0.816970000
CVE-2002-0719;0.104240000;0.956080000
CVE-2002-0718;0.059640000;0.930770000
CVE-2002-0717;0.110380000;0.957910000
CVE-2002-0716;0.003490000;0.262600000
CVE-2002-0715;0.023030000;0.827370000
CVE-2002-0714;0.027460000;0.856830000
CVE-2002-0713;0.055370000;0.925890000
CVE-2002-0712;0.052630000;0.923080000
CVE-2002-0711;0.027320000;0.856040000
CVE-2002-0710;0.027350000;0.856170000
CVE-2002-0709;0.011360000;0.653830000
CVE-2002-0708;0.034890000;0.887680000
CVE-2002-0707;0.018120000;0.779070000
CVE-2002-0706;0.009840000;0.610240000
CVE-2002-0705;0.024500000;0.838270000
CVE-2002-0704;0.032420000;0.878830000
CVE-2002-0703;0.014270000;0.720530000
CVE-2002-0702;0.311390000;0.982240000
CVE-2002-0701;0.003330000;0.242310000
CVE-2002-0700;0.078820000;0.945450000
CVE-2002-0699;0.064980000;0.935680000
CVE-2002-0698;0.202570000;0.974040000
CVE-2002-0697;0.179880000;0.971110000
CVE-2002-0696;0.116990000;0.959510000
CVE-2002-0695;0.169460000;0.969800000
CVE-2002-0694;0.137370000;0.964040000
CVE-2002-0693;0.313370000;0.982320000
CVE-2002-0692;0.180490000;0.971150000
CVE-2002-0691;0.138450000;0.964200000
CVE-2002-0690;0.083990000;0.948280000
CVE-2002-0688;0.014390000;0.722550000
CVE-2002-0687;0.014790000;0.729970000
CVE-2002-0686;0.042980000;0.908390000
CVE-2002-0685;0.026470000;0.851050000
CVE-2002-0684;0.058610000;0.929820000
CVE-2002-0683;0.037490000;0.895420000
CVE-2002-0682;0.135960000;0.963590000
CVE-2002-0681;0.083390000;0.948000000
CVE-2002-0680;0.034910000;0.887710000
CVE-2002-0679;0.232560000;0.977150000
CVE-2002-0678;0.094180000;0.952770000
CVE-2002-0677;0.065740000;0.936320000
CVE-2002-0676;0.042730000;0.907970000
CVE-2002-0675;0.003510000;0.265210000
CVE-2002-0674;0.003780000;0.294180000
CVE-2002-0673;0.003450000;0.257230000
CVE-2002-0672;0.003540000;0.268740000
CVE-2002-0671;0.011510000;0.657940000
CVE-2002-0670;0.016350000;0.754710000
CVE-2002-0669;0.011260000;0.651480000
CVE-2002-0668;0.013260000;0.699910000
CVE-2002-0667;0.026150000;0.849090000
CVE-2002-0666;0.024740000;0.839920000
CVE-2002-0665;0.107180000;0.957000000
CVE-2002-0664;0.013160000;0.697720000
CVE-2002-0663;0.032500000;0.879130000
CVE-2002-0662;0.003930000;0.311440000
CVE-2002-0661;0.696980000;0.993520000
CVE-2002-0660;0.029830000;0.868420000
CVE-2002-0659;0.361980000;0.984380000
CVE-2002-0658;0.009600000;0.602080000
CVE-2002-0657;0.092320000;0.952130000
CVE-2002-0656;0.898200000;0.997890000
CVE-2002-0655;0.081690000;0.947030000
CVE-2002-0654;0.586760000;0.990820000
CVE-2002-0653;0.011000000;0.644930000
CVE-2002-0652;0.091480000;0.951830000
CVE-2002-0651;0.134760000;0.963350000
CVE-2002-0650;0.182890000;0.971450000
CVE-2002-0649;0.847500000;0.997020000
CVE-2002-0648;0.484410000;0.988330000
CVE-2002-0647;0.233400000;0.977240000
CVE-2002-0645;0.038440000;0.898150000
CVE-2002-0644;0.114190000;0.958860000
CVE-2002-0643;0.016970000;0.763630000
CVE-2002-0642;0.496980000;0.988640000
CVE-2002-0641;0.112370000;0.958480000
CVE-2002-0640;0.273230000;0.980070000
CVE-2002-0639;0.182880000;0.971440000
CVE-2002-0638;0.005290000;0.427400000
CVE-2002-0637;0.057460000;0.928400000
CVE-2002-0632;0.013180000;0.698170000
CVE-2002-0631;0.003460000;0.258060000
CVE-2002-0630;0.015910000;0.748250000
CVE-2002-0629;0.016320000;0.754240000
CVE-2002-0628;0.021870000;0.817760000
CVE-2002-0627;0.016350000;0.754850000
CVE-2002-0626;0.018030000;0.777770000
CVE-2002-0624;0.228450000;0.976790000
CVE-2002-0623;0.196090000;0.973150000
CVE-2002-0622;0.193760000;0.972830000
CVE-2002-0621;0.169190000;0.969750000
CVE-2002-0620;0.122050000;0.960540000
CVE-2002-0619;0.160750000;0.968300000
CVE-2002-0618;0.144970000;0.965400000
CVE-2002-0617;0.107750000;0.957160000
CVE-2002-0616;0.097230000;0.953840000
CVE-2002-0615;0.056150000;0.927040000
CVE-2002-0614;0.024210000;0.836140000
CVE-2002-0613;0.112550000;0.958510000
CVE-2002-0612;0.033730000;0.883800000
CVE-2002-0611;0.082850000;0.947640000
CVE-2002-0610;0.028180000;0.860810000
CVE-2002-0609;0.022030000;0.819330000
CVE-2002-0608;0.042550000;0.907630000
CVE-2002-0607;0.023800000;0.833090000
CVE-2002-0606;0.106150000;0.956690000
CVE-2002-0605;0.036920000;0.893710000
CVE-2002-0604;0.016320000;0.754230000
CVE-2002-0603;0.016320000;0.754200000
CVE-2002-0602;0.018550000;0.784430000
CVE-2002-0601;0.024680000;0.839490000
CVE-2002-0600;0.024480000;0.838090000
CVE-2002-0599;0.115180000;0.959080000
CVE-2002-0598;0.029890000;0.868650000
CVE-2002-0597;0.465680000;0.987870000
CVE-2002-0596;0.015390000;0.740150000
CVE-2002-0595;0.107310000;0.957040000
CVE-2002-0594;0.023550000;0.831500000
CVE-2002-0593;0.035240000;0.888660000
CVE-2002-0592;0.015710000;0.745230000
CVE-2002-0591;0.116340000;0.959340000
CVE-2002-0590;0.028130000;0.860530000
CVE-2002-0589;0.070110000;0.939840000
CVE-2002-0588;0.066100000;0.936570000
CVE-2002-0587;0.032150000;0.877790000
CVE-2002-0586;0.029120000;0.865350000
CVE-2002-0585;0.022520000;0.823290000
CVE-2002-0584;0.017720000;0.773880000
CVE-2002-0583;0.016010000;0.749480000
CVE-2002-0582;0.016010000;0.749490000
CVE-2002-0581;0.015710000;0.745190000
CVE-2002-0580;0.015710000;0.745190000
CVE-2002-0579;0.015710000;0.745180000
CVE-2002-0578;0.035000000;0.887980000
CVE-2002-0577;0.006270000;0.482100000
CVE-2002-0576;0.026530000;0.851530000
CVE-2002-0575;0.042120000;0.906840000
CVE-2002-0574;0.019600000;0.796270000
CVE-2002-0573;0.092170000;0.952100000
CVE-2002-0572;0.015520000;0.742400000
CVE-2002-0571;0.030300000;0.870420000
CVE-2002-0570;0.003950000;0.313510000
CVE-2002-0569;0.189300000;0.972230000
CVE-2002-0568;0.751760000;0.995000000
CVE-2002-0567;0.087390000;0.950090000
CVE-2002-0566;0.035750000;0.890330000
CVE-2002-0565;0.056510000;0.927380000
CVE-2002-0564;0.050550000;0.920550000
CVE-2002-0563;0.511290000;0.989040000
CVE-2002-0562;0.070350000;0.940010000
CVE-2002-0561;0.096660000;0.953630000
CVE-2002-0560;0.036510000;0.892550000
CVE-2002-0559;0.131390000;0.962580000
CVE-2002-0558;0.021440000;0.814350000
CVE-2002-0557;0.012020000;0.671730000
CVE-2002-0556;0.042990000;0.908410000
CVE-2002-0555;0.015710000;0.745190000
CVE-2002-0554;0.067350000;0.937630000
CVE-2002-0553;0.028800000;0.863830000
CVE-2002-0552;0.086180000;0.949480000
CVE-2002-0551;0.036040000;0.891170000
CVE-2002-0550;0.036040000;0.891170000
CVE-2002-0549;0.015710000;0.745180000
CVE-2002-0548;0.025420000;0.844530000
CVE-2002-0547;0.032500000;0.879130000
CVE-2002-0546;0.017270000;0.767600000
CVE-2002-0545;0.016570000;0.757910000
CVE-2002-0544;0.007880000;0.546500000
CVE-2002-0543;0.097900000;0.954110000
CVE-2002-0542;0.015320000;0.739120000
CVE-2002-0541;0.040030000;0.902380000
CVE-2002-0540;0.199030000;0.973570000
CVE-2002-0539;0.020720000;0.807820000
CVE-2002-0538;0.016700000;0.759680000
CVE-2002-0537;0.031150000;0.873730000
CVE-2002-0536;0.025060000;0.842050000
CVE-2002-0535;0.073650000;0.942350000
CVE-2002-0534;0.026330000;0.850260000
CVE-2002-0533;0.017970000;0.776870000
CVE-2002-0532;0.003490000;0.262610000
CVE-2002-0531;0.040910000;0.904240000
CVE-2002-0530;0.011380000;0.654380000
CVE-2002-0529;0.004410000;0.360610000
CVE-2002-0528;0.031400000;0.874750000
CVE-2002-0527;0.016320000;0.754220000
CVE-2002-0526;0.005330000;0.430090000
CVE-2002-0525;0.041210000;0.904910000
CVE-2002-0524;0.018840000;0.787760000
CVE-2002-0523;0.018840000;0.787760000
CVE-2002-0522;0.016480000;0.756670000
CVE-2002-0521;0.023220000;0.828790000
CVE-2002-0520;0.015880000;0.747690000
CVE-2002-0518;0.024680000;0.839500000
CVE-2002-0517;0.004600000;0.376090000
CVE-2002-0516;0.109610000;0.957720000
CVE-2002-0515;0.021970000;0.818800000
CVE-2002-0514;0.019700000;0.797180000
CVE-2002-0513;0.045850000;0.913640000
CVE-2002-0512;0.003260000;0.234260000
CVE-2002-0511;0.015840000;0.747060000
CVE-2002-0510;0.024830000;0.840490000
CVE-2002-0509;0.026660000;0.852290000
CVE-2002-0508;0.054060000;0.924490000
CVE-2002-0507;0.022170000;0.820480000
CVE-2002-0506;0.004910000;0.400290000
CVE-2002-0505;0.017710000;0.773730000
CVE-2002-0504;0.079440000;0.945740000
CVE-2002-0503;0.024710000;0.839730000
CVE-2002-0502;0.035870000;0.890660000
CVE-2002-0501;0.012730000;0.688830000
CVE-2002-0500;0.162460000;0.968590000
CVE-2002-0499;0.009720000;0.606490000
CVE-2002-0498;0.003260000;0.234280000
CVE-2002-0497;0.005010000;0.407680000
CVE-2002-0496;0.017210000;0.766950000
CVE-2002-0495;0.133370000;0.963010000
CVE-2002-0494;0.015880000;0.747670000
CVE-2002-0493;0.038040000;0.896980000
CVE-2002-0492;0.019740000;0.797580000
CVE-2002-0491;0.032370000;0.878610000
CVE-2002-0490;0.027490000;0.856960000
CVE-2002-0489;0.058300000;0.929440000
CVE-2002-0488;0.061920000;0.932990000
CVE-2002-0487;0.004390000;0.359420000
CVE-2002-0486;0.007920000;0.547980000
CVE-2002-0485;0.014660000;0.727740000
CVE-2002-0484;0.095000000;0.953060000
CVE-2002-0483;0.082450000;0.947410000
CVE-2002-0482;0.021440000;0.814350000
CVE-2002-0481;0.100610000;0.954990000
CVE-2002-0480;0.026150000;0.849090000
CVE-2002-0479;0.004640000;0.380010000
CVE-2002-0478;0.016800000;0.761230000
CVE-2002-0477;0.017480000;0.770420000
CVE-2002-0476;0.015750000;0.745890000
CVE-2002-0475;0.013290000;0.700620000
CVE-2002-0474;0.013290000;0.700620000
CVE-2002-0473;0.052730000;0.923180000
CVE-2002-0472;0.118770000;0.959870000
CVE-2002-0471;0.075150000;0.943220000
CVE-2002-0470;0.004040000;0.322880000
CVE-2002-0469;0.004600000;0.377020000
CVE-2002-0468;0.007950000;0.549050000
CVE-2002-0467;0.061600000;0.932740000
CVE-2002-0466;0.019980000;0.800100000
CVE-2002-0465;0.039740000;0.901700000
CVE-2002-0464;0.023100000;0.827890000
CVE-2002-0463;0.015390000;0.740160000
CVE-2002-0462;0.031140000;0.873680000
CVE-2002-0461;0.239570000;0.977750000
CVE-2002-0460;0.026610000;0.851980000
CVE-2002-0459;0.021850000;0.817640000
CVE-2002-0458;0.021850000;0.817640000
CVE-2002-0457;0.021060000;0.810970000
CVE-2002-0456;0.007910000;0.547480000
CVE-2002-0455;0.013430000;0.703910000
CVE-2002-0454;0.051780000;0.922070000
CVE-2002-0453;0.017710000;0.773760000
CVE-2002-0452;0.015060000;0.734830000
CVE-2002-0451;0.071770000;0.941170000
CVE-2002-0450;0.053320000;0.923770000
CVE-2002-0449;0.089610000;0.951150000
CVE-2002-0448;0.149130000;0.966110000
CVE-2002-0447;0.022760000;0.825150000
CVE-2002-0446;0.025960000;0.847990000
CVE-2002-0445;0.021000000;0.810570000
CVE-2002-0444;0.120210000;0.960210000
CVE-2002-0443;0.047280000;0.915770000
CVE-2002-0442;0.004080000;0.327680000
CVE-2002-0441;0.020900000;0.809500000
CVE-2002-0440;0.026180000;0.849310000
CVE-2002-0439;0.015710000;0.745240000
CVE-2002-0438;0.017600000;0.772110000
CVE-2002-0437;0.033910000;0.884360000
CVE-2002-0436;0.118700000;0.959850000
CVE-2002-0435;0.003380000;0.249720000
CVE-2002-0434;0.033540000;0.883180000
CVE-2002-0433;0.023020000;0.827290000
CVE-2002-0432;0.056040000;0.926780000
CVE-2002-0431;0.032130000;0.877710000
CVE-2002-0430;0.009070000;0.585080000
CVE-2002-0429;0.003830000;0.300370000
CVE-2002-0428;0.015740000;0.745690000
CVE-2002-0427;0.021280000;0.812990000
CVE-2002-0426;0.013600000;0.707640000
CVE-2002-0425;0.015390000;0.740150000
CVE-2002-0424;0.003290000;0.237940000
CVE-2002-0423;0.053320000;0.923770000
CVE-2002-0422;0.510380000;0.989010000
CVE-2002-0421;0.200400000;0.973750000
CVE-2002-0420;0.015710000;0.745240000
CVE-2002-0419;0.373030000;0.984860000
CVE-2002-0418;0.021970000;0.818750000
CVE-2002-0417;0.021650000;0.816060000
CVE-2002-0416;0.055440000;0.925970000
CVE-2002-0415;0.012920000;0.692740000
CVE-2002-0414;0.014040000;0.716300000
CVE-2002-0413;0.070230000;0.939930000
CVE-2002-0412;0.041700000;0.905930000
CVE-2002-0411;0.027620000;0.857780000
CVE-2002-0410;0.027590000;0.857570000
CVE-2002-0409;0.280850000;0.980590000
CVE-2002-0408;0.017160000;0.766370000
CVE-2002-0407;0.027830000;0.859130000
CVE-2002-0406;0.071440000;0.940890000
CVE-2002-0405;0.052750000;0.923210000
CVE-2002-0404;0.023950000;0.834240000
CVE-2002-0403;0.023950000;0.834240000
CVE-2002-0402;0.048520000;0.917650000
CVE-2002-0401;0.055080000;0.925560000
CVE-2002-0400;0.142180000;0.964900000
CVE-2002-0399;0.035890000;0.890710000
CVE-2002-0398;0.031630000;0.875630000
CVE-2002-0397;0.011230000;0.650630000
CVE-2002-0396;0.014690000;0.728340000
CVE-2002-0395;0.024020000;0.834630000
CVE-2002-0394;0.017120000;0.765800000
CVE-2002-0393;0.065000000;0.935700000
CVE-2002-0392;0.949140000;0.998600000
CVE-2002-0391;0.581330000;0.990700000
CVE-2002-0389;0.004300000;0.350240000
CVE-2002-0388;0.063020000;0.934030000
CVE-2002-0387;0.031700000;0.875930000
CVE-2002-0386;0.219770000;0.975980000
CVE-2002-0385;0.015480000;0.741820000
CVE-2002-0384;0.046100000;0.914040000
CVE-2002-0382;0.023910000;0.833950000
CVE-2002-0381;0.019780000;0.797950000
CVE-2002-0380;0.049500000;0.919100000
CVE-2002-0379;0.193540000;0.972800000
CVE-2002-0378;0.019750000;0.797650000
CVE-2002-0377;0.003630000;0.278740000
CVE-2002-0376;0.037770000;0.896220000
CVE-2002-0375;0.063700000;0.934580000
CVE-2002-0374;0.038440000;0.898160000
CVE-2002-0373;0.017670000;0.773110000
CVE-2002-0372;0.144170000;0.965300000
CVE-2002-0371;0.544410000;0.989860000
CVE-2002-0370;0.432980000;0.986930000
CVE-2002-0369;0.243460000;0.978060000
CVE-2002-0368;0.152390000;0.966690000
CVE-2002-0367;0.049190000;0.918590000
CVE-2002-0366;0.028260000;0.861190000
CVE-2002-0364;0.310050000;0.982170000
CVE-2002-0363;0.021090000;0.811210000
CVE-2002-0362;0.037660000;0.895920000
CVE-2002-0360;0.032500000;0.879120000
CVE-2002-0359;0.036220000;0.891670000
CVE-2002-0358;0.003260000;0.234270000
CVE-2002-0357;0.004240000;0.344630000
CVE-2002-0356;0.003460000;0.258060000
CVE-2002-0355;0.003410000;0.252900000
CVE-2002-0354;0.010400000;0.627850000
CVE-2002-0353;0.027340000;0.856110000
CVE-2002-0352;0.015120000;0.735840000
CVE-2002-0351;0.041270000;0.905110000
CVE-2002-0350;0.052550000;0.922990000
CVE-2002-0349;0.003980000;0.317220000
CVE-2002-0348;0.076980000;0.944320000
CVE-2002-0347;0.055900000;0.926620000
CVE-2002-0346;0.064790000;0.935520000
CVE-2002-0345;0.016370000;0.755020000
CVE-2002-0344;0.027530000;0.857260000
CVE-2002-0343;0.004290000;0.349470000
CVE-2002-0342;0.017410000;0.769450000
CVE-2002-0341;0.013020000;0.694930000
CVE-2002-0340;0.038670000;0.898760000
CVE-2002-0339;0.017810000;0.774920000
CVE-2002-0338;0.032820000;0.880550000
CVE-2002-0337;0.015720000;0.745410000
CVE-2002-0336;0.051340000;0.921520000
CVE-2002-0335;0.077840000;0.944840000
CVE-2002-0334;0.003600000;0.274570000
CVE-2002-0333;0.026280000;0.849900000
CVE-2002-0332;0.053430000;0.923880000
CVE-2002-0331;0.028520000;0.862480000
CVE-2002-0330;0.078540000;0.945250000
CVE-2002-0329;0.049400000;0.918940000
CVE-2002-0328;0.054060000;0.924500000
CVE-2002-0327;0.009640000;0.603640000
CVE-2002-0326;0.016120000;0.751310000
CVE-2002-0325;0.377800000;0.985050000
CVE-2002-0324;0.027310000;0.855970000
CVE-2002-0323;0.011670000;0.662260000
CVE-2002-0322;0.015710000;0.745210000
CVE-2002-0321;0.032810000;0.880490000
CVE-2002-0320;0.069550000;0.939330000
CVE-2002-0319;0.071860000;0.941230000
CVE-2002-0318;0.014490000;0.724380000
CVE-2002-0317;0.013600000;0.707640000
CVE-2002-0316;0.087370000;0.950070000
CVE-2002-0315;0.017930000;0.776490000
CVE-2002-0314;0.016570000;0.757880000
CVE-2002-0313;0.097690000;0.954020000
CVE-2002-0312;0.020900000;0.809500000
CVE-2002-0311;0.045390000;0.912740000
CVE-2002-0310;0.015710000;0.745200000
CVE-2002-0309;0.016610000;0.758550000
CVE-2002-0308;0.026670000;0.852360000
CVE-2002-0307;0.022560000;0.823570000
CVE-2002-0306;0.027900000;0.859380000
CVE-2002-0305;0.012400000;0.681310000
CVE-2002-0304;0.015390000;0.740160000
CVE-2002-0303;0.003360000;0.247000000
CVE-2002-0302;0.013480000;0.705020000
CVE-2002-0301;0.020380000;0.804270000
CVE-2002-0300;0.073310000;0.942150000
CVE-2002-0299;0.022470000;0.822900000
CVE-2002-0298;0.012580000;0.685460000
CVE-2002-0297;0.024510000;0.838320000
CVE-2002-0296;0.006640000;0.500030000
CVE-2002-0295;0.003070000;0.213110000
CVE-2002-0294;0.002860000;0.191560000
CVE-2002-0293;0.002910000;0.196600000
CVE-2002-0292;0.013400000;0.703290000
CVE-2002-0291;0.028010000;0.859950000
CVE-2002-0290;0.032500000;0.879120000
CVE-2002-0289;0.129960000;0.962230000
CVE-2002-0288;0.088120000;0.950420000
CVE-2002-0287;0.024270000;0.836540000
CVE-2002-0286;0.015710000;0.745180000
CVE-2002-0285;0.123160000;0.960790000
CVE-2002-0284;0.008520000;0.567860000
CVE-2002-0283;0.283700000;0.980750000
CVE-2002-0282;0.016940000;0.763250000
CVE-2002-0281;0.013440000;0.704170000
CVE-2002-0280;0.048180000;0.917080000
CVE-2002-0279;0.006220000;0.479970000
CVE-2002-0278;0.017630000;0.772620000
CVE-2002-0277;0.032870000;0.880820000
CVE-2002-0276;0.049630000;0.919320000
CVE-2002-0275;0.024040000;0.834850000
CVE-2002-0274;0.003800000;0.296390000
CVE-2002-0273;0.009990000;0.614930000
CVE-2002-0272;0.054790000;0.925220000
CVE-2002-0271;0.002570000;0.157590000
CVE-2002-0270;0.047330000;0.915840000
CVE-2002-0269;0.114720000;0.959000000
CVE-2002-0268;0.004190000;0.340140000
CVE-2002-0267;0.026150000;0.849100000
CVE-2002-0266;0.084510000;0.948570000
CVE-2002-0265;0.007940000;0.548780000
CVE-2002-0264;0.018090000;0.778470000
CVE-2002-0263;0.130250000;0.962350000
CVE-2002-0262;0.018680000;0.785930000
CVE-2002-0261;0.018770000;0.786950000
CVE-2002-0260;0.032500000;0.879130000
CVE-2002-0259;0.003850000;0.301700000
CVE-2002-0258;0.013660000;0.708870000
CVE-2002-0257;0.040150000;0.902640000
CVE-2002-0256;0.031550000;0.875350000
CVE-2002-0255;0.028460000;0.862230000
CVE-2002-0254;0.012720000;0.688560000
CVE-2002-0253;0.052340000;0.922760000
CVE-2002-0252;0.105360000;0.956460000
CVE-2002-0251;0.035230000;0.888650000
CVE-2002-0250;0.040280000;0.902900000
CVE-2002-0249;0.072130000;0.941390000
CVE-2002-0248;0.003460000;0.258050000
CVE-2002-0247;0.004940000;0.402800000
CVE-2002-0246;0.009750000;0.607720000
CVE-2002-0245;0.025150000;0.842700000
CVE-2002-0244;0.028610000;0.862910000
CVE-2002-0243;0.013660000;0.708860000
CVE-2002-0242;0.113810000;0.958780000
CVE-2002-0241;0.016190000;0.752320000
CVE-2002-0240;0.074220000;0.942710000
CVE-2002-0239;0.011290000;0.652240000
CVE-2002-0238;0.015710000;0.745230000
CVE-2002-0237;0.036920000;0.893710000
CVE-2002-0236;0.074140000;0.942670000
CVE-2002-0235;0.013160000;0.697710000
CVE-2002-0234;0.003540000;0.268540000
CVE-2002-0233;0.020390000;0.804410000
CVE-2002-0232;0.018680000;0.785930000
CVE-2002-0231;0.095570000;0.953300000
CVE-2002-0230;0.077020000;0.944340000
CVE-2002-0229;0.095790000;0.953370000
CVE-2002-0228;0.198660000;0.973510000
CVE-2002-0227;0.034610000;0.886700000
CVE-2002-0226;0.017480000;0.770420000
CVE-2002-0225;0.003260000;0.234270000
CVE-2002-0224;0.267080000;0.979720000
CVE-2002-0223;0.017710000;0.773770000
CVE-2002-0222;0.015710000;0.745220000
CVE-2002-0221;0.016140000;0.751550000
CVE-2002-0220;0.021100000;0.811340000
CVE-2002-0219;0.004980000;0.405440000
CVE-2002-0218;0.004280000;0.348340000
CVE-2002-0217;0.017710000;0.773710000
CVE-2002-0216;0.013000000;0.694490000
CVE-2002-0215;0.074750000;0.942960000
CVE-2002-0214;0.003410000;0.252910000
CVE-2002-0213;0.003450000;0.256660000
CVE-2002-0212;0.015880000;0.747710000
CVE-2002-0211;0.008860000;0.578470000
CVE-2002-0210;0.008870000;0.579060000
CVE-2002-0209;0.033190000;0.882000000
CVE-2002-0208;0.019990000;0.800210000
CVE-2002-0207;0.070160000;0.939880000
CVE-2002-0206;0.064970000;0.935670000
CVE-2002-0205;0.015880000;0.747710000
CVE-2002-0204;0.032150000;0.877780000
CVE-2002-0203;0.018780000;0.787130000
CVE-2002-0202;0.004040000;0.323800000
CVE-2002-0201;0.211090000;0.975170000
CVE-2002-0200;0.072760000;0.941830000
CVE-2002-0199;0.033640000;0.883510000
CVE-2002-0198;0.053320000;0.923780000
CVE-2002-0197;0.024500000;0.838260000
CVE-2002-0196;0.015750000;0.745880000
CVE-2002-0193;0.333390000;0.983300000
CVE-2002-0191;0.289820000;0.981120000
CVE-2002-0190;0.240020000;0.977790000
CVE-2002-0189;0.136060000;0.963640000
CVE-2002-0188;0.163470000;0.968770000
CVE-2002-0187;0.138930000;0.964300000
CVE-2002-0186;0.554550000;0.990100000
CVE-2002-0185;0.041660000;0.905870000
CVE-2002-0184;0.011990000;0.671140000
CVE-2002-0181;0.018470000;0.783400000
CVE-2002-0180;0.044160000;0.910540000
CVE-2002-0179;0.032150000;0.877780000
CVE-2002-0178;0.006220000;0.480210000
CVE-2002-0177;0.095490000;0.953250000
CVE-2002-0176;0.004680000;0.383440000
CVE-2002-0175;0.004670000;0.382410000
CVE-2002-0174;0.003460000;0.258030000
CVE-2002-0173;0.003920000;0.310370000
CVE-2002-0172;0.003630000;0.278470000
CVE-2002-0171;0.017500000;0.770570000
CVE-2002-0170;0.015840000;0.747160000
CVE-2002-0169;0.004060000;0.325760000
CVE-2002-0168;0.024250000;0.836420000
CVE-2002-0167;0.024250000;0.836420000
CVE-2002-0166;0.017970000;0.776890000
CVE-2002-0165;0.003580000;0.273250000
CVE-2002-0164;0.004270000;0.347420000
CVE-2002-0163;0.150540000;0.966350000
CVE-2002-0162;0.007720000;0.541290000
CVE-2002-0160;0.023840000;0.833350000
CVE-2002-0159;0.054390000;0.924840000
CVE-2002-0158;0.010580000;0.632990000
CVE-2002-0157;0.003500000;0.263800000
CVE-2002-0155;0.241040000;0.977860000
CVE-2002-0154;0.248640000;0.978500000
CVE-2002-0153;0.177470000;0.970830000
CVE-2002-0152;0.173700000;0.970370000
CVE-2002-0151;0.032570000;0.879700000
CVE-2002-0150;0.494770000;0.988600000
CVE-2002-0149;0.627040000;0.991740000
CVE-2002-0148;0.644890000;0.992180000
CVE-2002-0147;0.617610000;0.991520000
CVE-2002-0146;0.014910000;0.732190000
CVE-2002-0145;0.015710000;0.745190000
CVE-2002-0144;0.019260000;0.792480000
CVE-2002-0143;0.007960000;0.549390000
CVE-2002-0142;0.030800000;0.872440000
CVE-2002-0141;0.002950000;0.201440000
CVE-2002-0140;0.035280000;0.888750000
CVE-2002-0139;0.024500000;0.838270000
CVE-2002-0138;0.003290000;0.237540000
CVE-2002-0137;0.007520000;0.534400000
CVE-2002-0136;0.076960000;0.944300000
CVE-2002-0135;0.031780000;0.876260000
CVE-2002-0134;0.035100000;0.888310000
CVE-2002-0133;0.048580000;0.917740000
CVE-2002-0132;0.011680000;0.662560000
CVE-2002-0131;0.065740000;0.936320000
CVE-2002-0130;0.004650000;0.380750000
CVE-2002-0129;0.003450000;0.256660000
CVE-2002-0128;0.101130000;0.955160000
CVE-2002-0127;0.012580000;0.685460000
CVE-2002-0126;0.041720000;0.906000000
CVE-2002-0125;0.004600000;0.377070000
CVE-2002-0124;0.020390000;0.804420000
CVE-2002-0123;0.032510000;0.879180000
CVE-2002-0122;0.017410000;0.769440000
CVE-2002-0121;0.011830000;0.666950000
CVE-2002-0120;0.003410000;0.252900000
CVE-2002-0119;0.019390000;0.794200000
CVE-2002-0118;0.071010000;0.940550000
CVE-2002-0117;0.028440000;0.862090000
CVE-2002-0116;0.016320000;0.754210000
CVE-2002-0115;0.036400000;0.892200000
CVE-2002-0114;0.003710000;0.286850000
CVE-2002-0113;0.003710000;0.286850000
CVE-2002-0112;0.081340000;0.946850000
CVE-2002-0111;0.025850000;0.847180000
CVE-2002-0110;0.004240000;0.344610000
CVE-2002-0109;0.016750000;0.760540000
CVE-2002-0108;0.032830000;0.880620000
CVE-2002-0107;0.078530000;0.945230000
CVE-2002-0106;0.070920000;0.940480000
CVE-2002-0105;0.003460000;0.258060000
CVE-2002-0104;0.015220000;0.737290000
CVE-2002-0103;0.006150000;0.476200000
CVE-2002-0102;0.040690000;0.903730000
CVE-2002-0101;0.124050000;0.960950000
CVE-2002-0100;0.016480000;0.756670000
CVE-2002-0099;0.018320000;0.781580000
CVE-2002-0098;0.068810000;0.938750000
CVE-2002-0097;0.015880000;0.747680000
CVE-2002-0096;0.003920000;0.309890000
CVE-2002-0095;0.027900000;0.859360000
CVE-2002-0094;0.032870000;0.880810000
CVE-2002-0093;0.005710000;0.452790000
CVE-2002-0092;0.018460000;0.783290000
CVE-2002-0091;0.021330000;0.813420000
CVE-2002-0090;0.005140000;0.417080000
CVE-2002-0089;0.004000000;0.318520000
CVE-2002-0088;0.003880000;0.305690000
CVE-2002-0087;0.003420000;0.254190000
CVE-2002-0086;0.004290000;0.349260000
CVE-2002-0085;0.017970000;0.776870000
CVE-2002-0084;0.207160000;0.974690000
CVE-2002-0083;0.146880000;0.965740000
CVE-2002-0082;0.296620000;0.981480000
CVE-2002-0081;0.242560000;0.977980000
CVE-2002-0080;0.005250000;0.425280000
CVE-2002-0079;0.773410000;0.995460000
CVE-2002-0078;0.219470000;0.975920000
CVE-2002-0077;0.114710000;0.959000000
CVE-2002-0076;0.268610000;0.979820000
CVE-2002-0075;0.337890000;0.983500000
CVE-2002-0074;0.337890000;0.983500000
CVE-2002-0073;0.563910000;0.990320000
CVE-2002-0072;0.566270000;0.990380000
CVE-2002-0071;0.336430000;0.983440000
CVE-2002-0070;0.184640000;0.971680000
CVE-2002-0069;0.027830000;0.859120000
CVE-2002-0068;0.094490000;0.952860000
CVE-2002-0067;0.036510000;0.892540000
CVE-2002-0066;0.016350000;0.754710000
CVE-2002-0065;0.002510000;0.149750000
CVE-2002-0064;0.003690000;0.284340000
CVE-2002-0063;0.038350000;0.897880000
CVE-2002-0062;0.004890000;0.399090000
CVE-2002-0061;0.503710000;0.988810000
CVE-2002-0060;0.048940000;0.918240000
CVE-2002-0059;0.096910000;0.953730000
CVE-2002-0058;0.085870000;0.949290000
CVE-2002-0057;0.191750000;0.972540000
CVE-2002-0056;0.248640000;0.978490000
CVE-2002-0055;0.346940000;0.983840000
CVE-2002-0054;0.224380000;0.976360000
CVE-2002-0053;0.350260000;0.983960000
CVE-2002-0052;0.182230000;0.971360000
CVE-2002-0051;0.007850000;0.545330000
CVE-2002-0050;0.132160000;0.962700000
CVE-2002-0049;0.133050000;0.962910000
CVE-2002-0048;0.340160000;0.983580000
CVE-2002-0047;0.016770000;0.760810000
CVE-2002-0046;0.026820000;0.853290000
CVE-2002-0045;0.022220000;0.820870000
CVE-2002-0044;0.003510000;0.264630000
CVE-2002-0043;0.009300000;0.592570000
CVE-2002-0042;0.003280000;0.236720000
CVE-2002-0041;0.016320000;0.754220000
CVE-2002-0040;0.003320000;0.241270000
CVE-2002-0039;0.012720000;0.688540000
CVE-2002-0038;0.016320000;0.754210000
CVE-2002-0037;0.026310000;0.850180000
CVE-2002-0036;0.045250000;0.912490000
CVE-2002-0034;0.019490000;0.795260000
CVE-2002-0033;0.230780000;0.977020000
CVE-2002-0032;0.038710000;0.898890000
CVE-2002-0031;0.049430000;0.918980000
CVE-2002-0030;0.009020000;0.583300000
CVE-2002-0029;0.098610000;0.954350000
CVE-2002-0028;0.052710000;0.923150000
CVE-2002-0027;0.193200000;0.972720000
CVE-2002-0026;0.133250000;0.962980000
CVE-2002-0025;0.142090000;0.964880000
CVE-2002-0024;0.043310000;0.908950000
CVE-2002-0023;0.370260000;0.984750000
CVE-2002-0022;0.397670000;0.985840000
CVE-2002-0021;0.142420000;0.964960000
CVE-2002-0020;0.169460000;0.969800000
CVE-2002-0018;0.164020000;0.968920000
CVE-2002-0017;0.032500000;0.879140000
CVE-2002-0014;0.021790000;0.817180000
CVE-2002-0013;0.511260000;0.989030000
CVE-2002-0012;0.240880000;0.977840000
CVE-2002-0011;0.013950000;0.714410000
CVE-2002-0010;0.022810000;0.825550000
CVE-2002-0009;0.011940000;0.669840000
CVE-2002-0008;0.018550000;0.784490000
CVE-2002-0007;0.023710000;0.832470000
CVE-2002-0006;0.080870000;0.946540000
CVE-2002-0005;0.155360000;0.967340000
CVE-2002-0004;0.013430000;0.703950000
CVE-2002-0003;0.018330000;0.781600000
CVE-2002-0002;0.052830000;0.923270000
CVE-2002-0001;0.033690000;0.883680000
