CVE-2002-2446;0.006240000;0.694630000
CVE-2002-2445;0.005680000;0.677720000
CVE-2002-2444;0.004760000;0.641310000
CVE-2002-2443;0.153330000;0.943860000
CVE-2002-2439;0.001370000;0.343260000
CVE-2002-2438;0.062000000;0.905040000
CVE-2002-2437;0.002940000;0.523650000
CVE-2002-2436;0.003290000;0.553520000
CVE-2002-2435;0.222060000;0.955940000
CVE-2002-2434;0.004280000;0.618130000
CVE-2002-2433;0.003830000;0.589580000
CVE-2002-2432;0.007040000;0.714260000
CVE-2002-2431;0.004230000;0.615030000
CVE-2002-2430;0.004360000;0.623430000
CVE-2002-2429;0.004360000;0.623430000
CVE-2002-2428;0.004360000;0.623430000
CVE-2002-2427;0.003040000;0.532630000
CVE-2002-2426;0.003120000;0.539060000
CVE-2002-2425;0.032310000;0.866550000
CVE-2002-2424;0.005640000;0.676280000
CVE-2002-2423;0.003000000;0.529020000
CVE-2002-2422;0.003880000;0.592240000
CVE-2002-2421;0.005030000;0.653390000
CVE-2002-2420;0.087500000;0.921910000
CVE-2002-2419;0.008600000;0.743960000
CVE-2002-2418;0.004210000;0.613890000
CVE-2002-2417;0.043850000;0.885830000
CVE-2002-2416;0.047860000;0.890830000
CVE-2002-2415;0.008500000;0.742500000
CVE-2002-2414;0.000980000;0.276940000
CVE-2002-2413;0.004000000;0.600400000
CVE-2002-2412;0.001330000;0.336870000
CVE-2002-2411;0.056410000;0.900250000
CVE-2002-2410;0.004190000;0.612340000
CVE-2002-2409;0.003790000;0.587330000
CVE-2002-2408;0.001720000;0.390560000
CVE-2002-2407;0.001220000;0.321730000
CVE-2002-2406;0.015870000;0.811390000
CVE-2002-2405;0.003060000;0.534040000
CVE-2002-2404;0.078800000;0.916830000
CVE-2002-2403;0.066220000;0.908310000
CVE-2002-2402;0.009800000;0.761690000
CVE-2002-2401;0.005490000;0.671470000
CVE-2002-2400;0.173250000;0.948040000
CVE-2002-2399;0.034350000;0.870840000
CVE-2002-2398;0.004340000;0.621870000
CVE-2002-2397;0.005500000;0.671950000
CVE-2002-2396;0.000580000;0.181150000
CVE-2002-2395;0.011170000;0.776410000
CVE-2002-2394;0.016350000;0.814290000
CVE-2002-2393;0.072950000;0.913050000
CVE-2002-2392;0.037750000;0.876690000
CVE-2002-2391;0.003720000;0.583090000
CVE-2002-2390;0.132930000;0.939030000
CVE-2002-2389;0.004000000;0.600490000
CVE-2002-2388;0.005200000;0.660780000
CVE-2002-2387;0.000910000;0.263300000
CVE-2002-2386;0.002780000;0.509170000
CVE-2002-2385;0.176420000;0.948630000
CVE-2002-2384;0.001440000;0.353050000
CVE-2002-2383;0.003430000;0.563860000
CVE-2002-2382;0.000890000;0.259860000
CVE-2002-2381;0.044500000;0.886560000
CVE-2002-2380;0.195770000;0.952010000
CVE-2002-2379;0.409360000;0.972260000
CVE-2002-2378;0.004000000;0.600400000
CVE-2002-2377;0.004070000;0.604730000
CVE-2002-2376;0.005740000;0.679530000
CVE-2002-2375;0.001390000;0.345920000
CVE-2002-2374;0.001500000;0.362080000
CVE-2002-2373;0.007840000;0.731000000
CVE-2002-2372;0.012220000;0.785710000
CVE-2002-2371;0.009970000;0.763720000
CVE-2002-2370;0.035070000;0.872170000
CVE-2002-2369;0.004550000;0.631420000
CVE-2002-2368;0.167280000;0.947060000
CVE-2002-2367;0.066850000;0.908810000
CVE-2002-2366;0.033890000;0.869960000
CVE-2002-2365;0.019370000;0.829200000
CVE-2002-2364;0.003550000;0.571720000
CVE-2002-2363;0.002410000;0.473670000
CVE-2002-2362;0.005640000;0.676280000
CVE-2002-2361;0.004340000;0.621870000
CVE-2002-2360;0.034130000;0.870390000
CVE-2002-2359;0.002300000;0.457240000
CVE-2002-2358;0.005930000;0.685310000
CVE-2002-2357;0.033540000;0.869200000
CVE-2002-2356;0.003000000;0.529020000
CVE-2002-2355;0.003790000;0.587570000
CVE-2002-2354;0.009810000;0.761800000
CVE-2002-2353;0.045440000;0.887820000
CVE-2002-2352;0.004340000;0.621870000
CVE-2002-2351;0.032620000;0.867330000
CVE-2002-2350;0.002460000;0.478220000
CVE-2002-2349;0.010860000;0.773380000
CVE-2002-2348;0.005640000;0.676280000
CVE-2002-2347;0.003690000;0.581480000
CVE-2002-2346;0.004550000;0.631420000
CVE-2002-2345;0.006970000;0.712760000
CVE-2002-2344;0.002840000;0.515250000
CVE-2002-2343;0.005640000;0.676280000
CVE-2002-2342;0.003180000;0.544020000
CVE-2002-2341;0.004300000;0.618800000
CVE-2002-2340;0.002850000;0.516670000
CVE-2002-2339;0.005640000;0.676280000
CVE-2002-2338;0.074170000;0.913780000
CVE-2002-2337;0.005940000;0.685450000
CVE-2002-2336;0.067730000;0.909440000
CVE-2002-2335;0.047860000;0.890840000
CVE-2002-2334;0.001440000;0.353050000
CVE-2002-2333;0.013720000;0.797420000
CVE-2002-2332;0.010690000;0.771560000
CVE-2002-2331;0.017320000;0.819630000
CVE-2002-2330;0.004000000;0.600400000
CVE-2002-2329;0.010030000;0.764310000
CVE-2002-2328;0.376600000;0.970400000
CVE-2002-2327;0.000540000;0.171150000
CVE-2002-2326;0.004950000;0.650040000
CVE-2002-2325;0.030920000;0.863550000
CVE-2002-2324;0.006900000;0.711150000
CVE-2002-2323;0.001130000;0.306550000
CVE-2002-2322;0.004780000;0.642630000
CVE-2002-2321;0.005640000;0.676280000
CVE-2002-2320;0.002850000;0.517140000
CVE-2002-2319;0.042410000;0.883910000
CVE-2002-2318;0.005640000;0.676280000
CVE-2002-2317;0.013130000;0.792910000
CVE-2002-2316;0.005490000;0.671600000
CVE-2002-2315;0.097750000;0.926700000
CVE-2002-2314;0.124550000;0.936580000
CVE-2002-2313;0.002160000;0.442420000
CVE-2002-2312;0.025300000;0.849740000
CVE-2002-2311;0.235090000;0.957760000
CVE-2002-2310;0.004190000;0.612340000
CVE-2002-2309;0.046270000;0.888890000
CVE-2002-2308;0.004770000;0.641700000
CVE-2002-2307;0.003000000;0.529020000
CVE-2002-2306;0.039790000;0.880120000
CVE-2002-2305;0.003430000;0.563860000
CVE-2002-2304;0.002900000;0.521210000
CVE-2002-2303;0.002040000;0.427250000
CVE-2002-2302;0.003570000;0.573520000
CVE-2002-2301;0.000650000;0.204190000
CVE-2002-2300;0.287380000;0.963590000
CVE-2002-2299;0.005740000;0.679680000
CVE-2002-2298;0.012650000;0.789120000
CVE-2002-2297;0.005740000;0.679680000
CVE-2002-2296;0.005640000;0.676280000
CVE-2002-2295;0.230700000;0.957170000
CVE-2002-2294;0.012780000;0.790390000
CVE-2002-2293;0.000610000;0.191640000
CVE-2002-2292;0.000910000;0.263300000
CVE-2002-2291;0.008030000;0.734700000
CVE-2002-2290;0.008030000;0.734650000
CVE-2002-2289;0.004850000;0.645800000
CVE-2002-2288;0.025530000;0.850370000
CVE-2002-2287;0.003710000;0.582600000
CVE-2002-2286;0.005940000;0.685450000
CVE-2002-2285;0.002280000;0.455340000
CVE-2002-2284;0.003210000;0.546240000
CVE-2002-2283;0.019190000;0.828390000
CVE-2002-2282;0.000500000;0.156140000
CVE-2002-2281;0.038030000;0.877080000
CVE-2002-2280;0.000730000;0.224930000
CVE-2002-2279;0.007060000;0.715100000
CVE-2002-2278;0.002460000;0.478220000
CVE-2002-2277;0.003870000;0.591870000
CVE-2002-2276;0.003090000;0.536350000
CVE-2002-2275;0.000650000;0.202910000
CVE-2002-2274;0.000670000;0.209810000
CVE-2002-2273;0.002850000;0.516670000
CVE-2002-2272;0.231630000;0.957320000
CVE-2002-2271;0.005740000;0.679590000
CVE-2002-2270;0.001640000;0.378970000
CVE-2002-2269;0.000880000;0.257660000
CVE-2002-2268;0.730660000;0.987250000
CVE-2002-2267;0.000500000;0.156140000
CVE-2002-2266;0.005840000;0.682560000
CVE-2002-2265;0.003270000;0.550660000
CVE-2002-2264;0.012940000;0.791550000
CVE-2002-2263;0.000800000;0.242040000
CVE-2002-2262;0.011990000;0.783690000
CVE-2002-2261;0.005600000;0.674870000
CVE-2002-2260;0.003290000;0.553520000
CVE-2002-2259;0.000580000;0.181150000
CVE-2002-2258;0.031770000;0.865280000
CVE-2002-2257;0.053760000;0.897520000
CVE-2002-2256;0.000820000;0.244100000
CVE-2002-2255;0.017570000;0.821000000
CVE-2002-2254;0.000900000;0.260950000
CVE-2002-2253;0.143880000;0.941700000
CVE-2002-2252;0.003940000;0.596220000
CVE-2002-2251;0.064170000;0.906800000
CVE-2002-2250;0.164730000;0.946550000
CVE-2002-2249;0.010020000;0.764180000
CVE-2002-2248;0.048710000;0.891780000
CVE-2002-2247;0.028770000;0.858460000
CVE-2002-2246;0.018230000;0.823840000
CVE-2002-2245;0.002730000;0.504980000
CVE-2002-2244;0.000500000;0.157060000
CVE-2002-2243;0.006030000;0.687900000
CVE-2002-2242;0.002330000;0.461000000
CVE-2002-2241;0.005870000;0.683510000
CVE-2002-2240;0.001840000;0.404040000
CVE-2002-2239;0.005850000;0.682860000
CVE-2002-2238;0.001200000;0.318240000
CVE-2002-2237;0.008560000;0.743340000
CVE-2002-2236;0.040590000;0.881420000
CVE-2002-2235;0.005460000;0.670390000
CVE-2002-2234;0.004400000;0.625070000
CVE-2002-2233;0.001880000;0.408980000
CVE-2002-2232;0.215960000;0.955230000
CVE-2002-2231;0.003290000;0.553520000
CVE-2002-2230;0.002460000;0.478220000
CVE-2002-2229;0.001450000;0.354240000
CVE-2002-2228;0.001950000;0.416870000
CVE-2002-2227;0.022000000;0.839380000
CVE-2002-2226;0.746100000;0.988010000
CVE-2002-2225;0.025270000;0.849690000
CVE-2002-2224;0.026060000;0.851830000
CVE-2002-2223;0.019350000;0.829130000
CVE-2002-2222;0.008190000;0.737390000
CVE-2002-2221;0.000580000;0.183660000
CVE-2002-2220;0.000490000;0.152710000
CVE-2002-2219;0.088110000;0.922190000
CVE-2002-2218;0.003890000;0.593560000
CVE-2002-2217;0.017480000;0.820480000
CVE-2002-2216;0.003060000;0.534120000
CVE-2002-2215;0.004250000;0.615960000
CVE-2002-2214;0.009040000;0.750820000
CVE-2002-2213;0.069120000;0.910390000
CVE-2002-2212;0.069120000;0.910390000
CVE-2002-2211;0.033360000;0.868870000
CVE-2002-2210;0.001580000;0.372180000
CVE-2002-2209;0.003890000;0.593560000
CVE-2002-2208;0.063210000;0.906070000
CVE-2002-2207;0.113250000;0.932860000
CVE-2002-2206;0.010400000;0.768670000
CVE-2002-2205;0.021170000;0.836250000
CVE-2002-2204;0.014020000;0.799490000
CVE-2002-2203;0.000700000;0.216180000
CVE-2002-2202;0.002420000;0.474200000
CVE-2002-2201;0.019120000;0.827900000
CVE-2002-2200;0.033460000;0.869030000
CVE-2002-2199;0.000990000;0.283750000
CVE-2002-2198;0.094050000;0.924960000
CVE-2002-2197;0.000520000;0.163170000
CVE-2002-2196;0.111940000;0.932430000
CVE-2002-2195;0.206220000;0.953770000
CVE-2002-2193;0.005190000;0.660280000
CVE-2002-2192;0.010030000;0.764240000
CVE-2002-2191;0.034470000;0.871110000
CVE-2002-2190;0.030620000;0.862740000
CVE-2002-2189;0.156240000;0.944480000
CVE-2002-2188;0.001580000;0.372180000
CVE-2002-2187;0.001300000;0.333130000
CVE-2002-2186;0.008500000;0.742440000
CVE-2002-2185;0.010320000;0.767670000
CVE-2002-2184;0.003430000;0.563970000
CVE-2002-2183;0.006360000;0.697450000
CVE-2002-2182;0.033100000;0.868420000
CVE-2002-2181;0.003410000;0.562730000
CVE-2002-2180;0.001440000;0.353290000
CVE-2002-2179;0.010330000;0.767870000
CVE-2002-2178;0.004670000;0.637000000
CVE-2002-2177;0.004550000;0.631730000
CVE-2002-2176;0.006880000;0.710610000
CVE-2002-2175;0.006180000;0.692660000
CVE-2002-2174;0.040140000;0.880710000
CVE-2002-2173;0.121760000;0.935760000
CVE-2002-2172;0.001340000;0.338970000
CVE-2002-2171;0.004010000;0.600910000
CVE-2002-2170;0.116650000;0.934170000
CVE-2002-2169;0.044310000;0.886340000
CVE-2002-2168;0.010350000;0.768030000
CVE-2002-2167;0.008590000;0.743690000
CVE-2002-2166;0.003620000;0.576810000
CVE-2002-2165;0.003780000;0.587050000
CVE-2002-2164;0.357680000;0.969100000
CVE-2002-2163;0.002370000;0.467230000
CVE-2002-2162;0.003780000;0.587050000
CVE-2002-2161;0.010990000;0.774710000
CVE-2002-2159;0.009330000;0.755080000
CVE-2002-2158;0.003460000;0.565580000
CVE-2002-2156;0.011850000;0.782440000
CVE-2002-2155;0.009700000;0.760090000
CVE-2002-2154;0.040170000;0.880750000
CVE-2002-2153;0.025450000;0.850140000
CVE-2002-2152;0.011000000;0.774850000
CVE-2002-2150;0.019180000;0.828350000
CVE-2002-2149;0.098610000;0.927160000
CVE-2002-2148;0.003910000;0.594780000
CVE-2002-2146;0.007590000;0.726270000
CVE-2002-2145;0.032530000;0.867140000
CVE-2002-2144;0.002120000;0.438030000
CVE-2002-2143;0.053830000;0.897670000
CVE-2002-2142;0.005120000;0.657190000
CVE-2002-2141;0.007200000;0.718420000
CVE-2002-2140;0.025060000;0.848910000
CVE-2002-2139;0.005500000;0.671760000
CVE-2002-2138;0.008260000;0.738340000
CVE-2002-2137;0.004900000;0.647930000
CVE-2002-2134;0.040020000;0.880450000
CVE-2002-2133;0.007570000;0.726000000
CVE-2002-2132;0.007830000;0.730930000
CVE-2002-2131;0.008590000;0.743690000
CVE-2002-2130;0.008740000;0.746220000
CVE-2002-2129;0.006550000;0.703140000
CVE-2002-2128;0.000590000;0.184960000
CVE-2002-2127;0.000760000;0.232300000
CVE-2002-2126;0.000700000;0.216690000
CVE-2002-2125;0.030000000;0.861260000
CVE-2002-2124;0.007630000;0.727240000
CVE-2002-2123;0.007170000;0.717930000
CVE-2002-2122;0.001440000;0.353860000
CVE-2002-2121;0.008060000;0.735170000
CVE-2002-2120;0.002970000;0.526540000
CVE-2002-2119;0.010940000;0.774060000
CVE-2002-2118;0.017460000;0.820340000
CVE-2002-2117;0.215550000;0.955170000
CVE-2002-2116;0.010990000;0.774710000
CVE-2002-2115;0.004090000;0.605630000
CVE-2002-2114;0.017260000;0.819280000
CVE-2002-2113;0.066660000;0.908650000
CVE-2002-2112;0.007600000;0.726450000
CVE-2002-2111;0.007390000;0.722360000
CVE-2002-2110;0.010990000;0.774710000
CVE-2002-2109;0.005210000;0.661240000
CVE-2002-2108;0.004430000;0.626600000
CVE-2002-2107;0.004830000;0.644310000
CVE-2002-2106;0.031150000;0.863910000
CVE-2002-2105;0.006310000;0.696170000
CVE-2002-2104;0.013170000;0.793360000
CVE-2002-2103;0.017190000;0.818910000
CVE-2002-2102;0.010990000;0.774710000
CVE-2002-2101;0.191700000;0.951300000
CVE-2002-2100;0.081480000;0.918470000
CVE-2002-2099;0.000640000;0.202010000
CVE-2002-2098;0.033100000;0.868420000
CVE-2002-2097;0.007390000;0.722360000
CVE-2002-2096;0.099050000;0.927390000
CVE-2002-2095;0.003540000;0.571260000
CVE-2002-2094;0.005190000;0.660440000
CVE-2002-2093;0.000780000;0.235390000
CVE-2002-2092;0.000680000;0.212300000
CVE-2002-2091;0.019220000;0.828570000
CVE-2002-2090;0.003460000;0.566670000
CVE-2002-2089;0.000960000;0.272600000
CVE-2002-2088;0.021980000;0.839270000
CVE-2002-2087;0.007570000;0.725920000
CVE-2002-2086;0.006750000;0.707720000
CVE-2002-2085;0.002190000;0.445180000
CVE-2002-2084;0.038980000;0.878810000
CVE-2002-2083;0.000310000;0.082890000
CVE-2002-2082;0.010350000;0.768100000
CVE-2002-2081;0.149720000;0.943070000
CVE-2002-2080;0.009110000;0.752190000
CVE-2002-2079;0.010990000;0.774710000
CVE-2002-2078;0.022830000;0.842210000
CVE-2002-2077;0.228280000;0.956840000
CVE-2002-2076;0.005260000;0.663010000
CVE-2002-2075;0.011680000;0.781060000
CVE-2002-2074;0.013920000;0.798830000
CVE-2002-2073;0.031680000;0.865000000
CVE-2002-2072;0.060020000;0.903400000
CVE-2002-2071;0.062810000;0.905730000
CVE-2002-2070;0.006990000;0.713200000
CVE-2002-2069;0.006990000;0.713200000
CVE-2002-2068;0.006990000;0.713200000
CVE-2002-2067;0.006920000;0.711540000
CVE-2002-2066;0.006920000;0.711540000
CVE-2002-2065;0.003460000;0.565580000
CVE-2002-2064;0.008460000;0.742070000
CVE-2002-2063;0.002260000;0.453190000
CVE-2002-2062;0.071890000;0.912390000
CVE-2002-2061;0.033760000;0.869700000
CVE-2002-2060;0.057610000;0.901300000
CVE-2002-2059;0.001000000;0.285200000
CVE-2002-2058;0.002490000;0.480440000
CVE-2002-2057;0.003070000;0.534610000
CVE-2002-2056;0.002970000;0.527170000
CVE-2002-2055;0.007220000;0.718730000
CVE-2002-2054;0.010480000;0.769600000
CVE-2002-2053;0.007630000;0.727240000
CVE-2002-2052;0.007630000;0.727240000
CVE-2002-2051;0.001470000;0.356990000
CVE-2002-2050;0.001530000;0.366420000
CVE-2002-2049;0.016000000;0.812140000
CVE-2002-2048;0.034450000;0.871000000
CVE-2002-2047;0.021910000;0.838990000
CVE-2002-2046;0.006360000;0.697450000
CVE-2002-2045;0.006220000;0.694170000
CVE-2002-2044;0.006130000;0.691460000
CVE-2002-2043;0.040970000;0.882060000
CVE-2002-2042;0.004230000;0.614540000
CVE-2002-2041;0.004660000;0.636690000
CVE-2002-2040;0.003090000;0.536160000
CVE-2002-2039;0.003780000;0.587050000
CVE-2002-2038;0.001390000;0.346820000
CVE-2002-2037;0.003430000;0.564130000
CVE-2002-2036;0.015070000;0.806880000
CVE-2002-2035;0.011000000;0.774810000
CVE-2002-2034;0.007220000;0.718750000
CVE-2002-2033;0.003910000;0.594780000
CVE-2002-2032;0.000320000;0.086640000
CVE-2002-2031;0.289870000;0.963860000
CVE-2002-2030;0.018960000;0.827110000
CVE-2002-2029;0.481210000;0.976030000
CVE-2002-2028;0.007880000;0.732180000
CVE-2002-2027;0.004820000;0.644190000
CVE-2002-2026;0.050100000;0.893290000
CVE-2002-2025;0.014340000;0.801850000
CVE-2002-2024;0.003850000;0.590770000
CVE-2002-2023;0.000650000;0.203310000
CVE-2002-2022;0.002140000;0.440230000
CVE-2002-2021;0.004010000;0.600910000
CVE-2002-2020;0.012220000;0.785720000
CVE-2002-2019;0.014910000;0.805660000
CVE-2002-2018;0.000490000;0.152670000
CVE-2002-2017;0.008180000;0.737170000
CVE-2002-2016;0.001170000;0.313590000
CVE-2002-2015;0.026240000;0.852170000
CVE-2002-2014;0.004610000;0.634310000
CVE-2002-2013;0.004770000;0.641980000
CVE-2002-2012;0.079990000;0.917550000
CVE-2002-2011;0.005190000;0.660280000
CVE-2002-2010;0.003960000;0.597760000
CVE-2002-2009;0.032150000;0.866160000
CVE-2002-2008;0.071490000;0.912150000
CVE-2002-2007;0.226090000;0.956430000
CVE-2002-2006;0.323590000;0.966670000
CVE-2002-2005;0.007280000;0.719840000
CVE-2002-2004;0.006550000;0.703000000
CVE-2002-2003;0.003460000;0.566670000
CVE-2002-2002;0.014960000;0.806160000
CVE-2002-2001;0.001470000;0.356990000
CVE-2002-20002;0.001140000;0.308570000
CVE-2002-20001;0.146800000;0.942280000
CVE-2002-2000;0.001470000;0.356990000
CVE-2002-1999;0.004570000;0.632460000
CVE-2002-1998;0.025230000;0.849600000
CVE-2002-1997;0.009130000;0.752330000
CVE-2002-1996;0.005040000;0.654080000
CVE-2002-1995;0.005190000;0.660280000
CVE-2002-1994;0.007150000;0.717310000
CVE-2002-1993;0.065590000;0.907830000
CVE-2002-1992;0.056660000;0.900500000
CVE-2002-1991;0.045390000;0.887760000
CVE-2002-1990;0.003460000;0.565590000
CVE-2002-1989;0.006550000;0.703000000
CVE-2002-1988;0.007390000;0.722360000
CVE-2002-1987;0.002290000;0.456740000
CVE-2002-1986;0.034470000;0.871110000
CVE-2002-1985;0.014750000;0.804490000
CVE-2002-1984;0.119500000;0.935020000
CVE-2002-1983;0.002510000;0.483230000
CVE-2002-1982;0.036720000;0.874970000
CVE-2002-1981;0.224560000;0.956240000
CVE-2002-1980;0.000600000;0.188920000
CVE-2002-1979;0.002220000;0.447640000
CVE-2002-1978;0.008640000;0.744590000
CVE-2002-1977;0.000810000;0.243710000
CVE-2002-1976;0.001340000;0.339760000
CVE-2002-1975;0.000640000;0.201180000
CVE-2002-1974;0.018260000;0.823970000
CVE-2002-1973;0.602330000;0.981800000
CVE-2002-1972;0.000630000;0.199180000
CVE-2002-1971;0.016350000;0.814300000
CVE-2002-1970;0.000530000;0.166940000
CVE-2002-1969;0.009750000;0.760970000
CVE-2002-1968;0.000670000;0.208880000
CVE-2002-1967;0.026610000;0.853200000
CVE-2002-1966;0.053070000;0.896700000
CVE-2002-1965;0.004010000;0.600910000
CVE-2002-1964;0.009040000;0.750940000
CVE-2002-1963;0.000600000;0.190330000
CVE-2002-1962;0.001820000;0.402910000
CVE-2002-1961;0.002160000;0.441770000
CVE-2002-1960;0.004090000;0.605630000
CVE-2002-1959;0.009940000;0.763310000
CVE-2002-1958;0.011330000;0.778000000
CVE-2002-1957;0.016880000;0.817200000
CVE-2002-1956;0.001030000;0.289390000
CVE-2002-1955;0.009060000;0.751160000
CVE-2002-1954;0.028110000;0.856690000
CVE-2002-1953;0.026610000;0.853200000
CVE-2002-1952;0.014020000;0.799490000
CVE-2002-1951;0.109340000;0.931450000
CVE-2002-1950;0.003960000;0.597760000
CVE-2002-1949;0.003300000;0.554040000
CVE-2002-1948;0.001610000;0.376100000
CVE-2002-1947;0.003460000;0.566390000
CVE-2002-1946;0.000150000;0.021830000
CVE-2002-1945;0.075930000;0.914830000
CVE-2002-1944;0.006550000;0.703000000
CVE-2002-1943;0.052120000;0.895720000
CVE-2002-1942;0.013170000;0.793340000
CVE-2002-1941;0.007100000;0.716060000
CVE-2002-1940;0.005950000;0.685720000
CVE-2002-1939;0.000790000;0.238740000
CVE-2002-1938;0.020960000;0.835430000
CVE-2002-1937;0.004730000;0.639500000
CVE-2002-1936;0.014020000;0.799490000
CVE-2002-1935;0.006270000;0.695330000
CVE-2002-1934;0.005950000;0.685720000
CVE-2002-1933;0.017630000;0.821200000
CVE-2002-1932;0.236400000;0.957870000
CVE-2002-1931;0.004090000;0.605630000
CVE-2002-1930;0.234520000;0.957670000
CVE-2002-1929;0.007600000;0.726590000
CVE-2002-1928;0.003460000;0.566670000
CVE-2002-1927;0.000700000;0.215220000
CVE-2002-1926;0.004920000;0.648540000
CVE-2002-1925;0.007390000;0.722360000
CVE-2002-1924;0.006270000;0.695330000
CVE-2002-1923;0.007120000;0.716360000
CVE-2002-1922;0.005190000;0.660280000
CVE-2002-1921;0.007120000;0.716360000
CVE-2002-1920;0.008060000;0.735170000
CVE-2002-1919;0.034270000;0.870670000
CVE-2002-1918;0.324830000;0.966790000
CVE-2002-1917;0.003910000;0.594780000
CVE-2002-1916;0.011680000;0.781060000
CVE-2002-1915;0.002300000;0.457780000
CVE-2002-1914;0.000530000;0.167050000
CVE-2002-1913;0.004620000;0.634680000
CVE-2002-1912;0.016360000;0.814320000
CVE-2002-1911;0.062810000;0.905730000
CVE-2002-1910;0.025730000;0.850880000
CVE-2002-1909;0.003910000;0.594780000
CVE-2002-1908;0.114860000;0.933600000
CVE-2002-1907;0.078940000;0.916920000
CVE-2002-1906;0.051210000;0.894770000
CVE-2002-1905;0.043530000;0.885380000
CVE-2002-1904;0.151870000;0.943530000
CVE-2002-1903;0.007600000;0.726450000
CVE-2002-1902;0.007390000;0.722360000
CVE-2002-1901;0.002970000;0.527170000
CVE-2002-1900;0.002970000;0.527170000
CVE-2002-1899;0.004090000;0.606110000
CVE-2002-1898;0.059300000;0.902810000
CVE-2002-1897;0.066660000;0.908650000
CVE-2002-1896;0.006090000;0.689670000
CVE-2002-1895;0.027850000;0.856050000
CVE-2002-1894;0.004980000;0.651100000
CVE-2002-1893;0.003350000;0.558590000
CVE-2002-1892;0.001440000;0.353860000
CVE-2002-1891;0.256980000;0.960430000
CVE-2002-1890;0.001800000;0.399160000
CVE-2002-1889;0.019610000;0.830110000
CVE-2002-1888;0.001440000;0.353860000
CVE-2002-1887;0.029630000;0.860390000
CVE-2002-1886;0.052470000;0.896190000
CVE-2002-1885;0.019370000;0.829160000
CVE-2002-1884;0.054440000;0.898370000
CVE-2002-1883;0.007630000;0.727240000
CVE-2002-1882;0.015040000;0.806740000
CVE-2002-1881;0.054480000;0.898400000
CVE-2002-1880;0.004090000;0.606200000
CVE-2002-1879;0.009270000;0.754270000
CVE-2002-1878;0.029280000;0.859710000
CVE-2002-1877;0.001340000;0.339130000
CVE-2002-1876;0.005740000;0.679660000
CVE-2002-1875;0.001560000;0.370340000
CVE-2002-1874;0.015910000;0.811770000
CVE-2002-1873;0.146230000;0.942190000
CVE-2002-1872;0.011710000;0.781350000
CVE-2002-1871;0.000560000;0.176550000
CVE-2002-1870;0.020710000;0.834380000
CVE-2002-1869;0.001190000;0.315760000
CVE-2002-1868;0.128860000;0.937890000
CVE-2002-1867;0.014020000;0.799490000
CVE-2002-1866;0.007150000;0.717310000
CVE-2002-1865;0.057000000;0.900750000
CVE-2002-1864;0.593360000;0.981410000
CVE-2002-1863;0.000610000;0.192430000
CVE-2002-1862;0.047790000;0.890750000
CVE-2002-1861;0.004350000;0.621880000
CVE-2002-1860;0.003200000;0.545830000
CVE-2002-1859;0.003470000;0.566990000
CVE-2002-1858;0.003680000;0.581000000
CVE-2002-1857;0.003200000;0.545830000
CVE-2002-1856;0.004920000;0.648690000
CVE-2002-1855;0.007630000;0.727010000
CVE-2002-1854;0.019600000;0.830080000
CVE-2002-1853;0.004090000;0.605630000
CVE-2002-1852;0.030240000;0.861940000
CVE-2002-1851;0.138290000;0.940420000
CVE-2002-1850;0.022550000;0.841330000
CVE-2002-1849;0.007820000;0.730660000
CVE-2002-1848;0.000650000;0.203310000
CVE-2002-1847;0.055750000;0.899630000
CVE-2002-1846;0.003360000;0.559570000
CVE-2002-1845;0.005980000;0.686410000
CVE-2002-1844;0.004910000;0.648400000
CVE-2002-1843;0.011100000;0.775830000
CVE-2002-1842;0.011100000;0.775830000
CVE-2002-1841;0.007210000;0.718580000
CVE-2002-1840;0.016290000;0.813980000
CVE-2002-1839;0.003800000;0.588010000
CVE-2002-1838;0.002920000;0.522010000
CVE-2002-1837;0.069580000;0.910740000
CVE-2002-1836;0.004830000;0.644630000
CVE-2002-1835;0.014020000;0.799490000
CVE-2002-1834;0.005090000;0.655930000
CVE-2002-1833;0.015070000;0.806920000
CVE-2002-1832;0.010990000;0.774710000
CVE-2002-1831;0.103690000;0.929370000
CVE-2002-1830;0.040030000;0.880480000
CVE-2002-1829;0.005190000;0.660280000
CVE-2002-1828;0.041860000;0.883230000
CVE-2002-1827;0.003950000;0.596960000
CVE-2002-1826;0.000730000;0.223330000
CVE-2002-1825;0.010790000;0.772720000
CVE-2002-1824;0.030090000;0.861600000
CVE-2002-1823;0.053860000;0.897740000
CVE-2002-1822;0.002740000;0.506040000
CVE-2002-1821;0.002060000;0.429900000
CVE-2002-1820;0.015290000;0.808200000
CVE-2002-1819;0.005590000;0.674530000
CVE-2002-1818;0.034470000;0.871110000
CVE-2002-1817;0.007370000;0.721820000
CVE-2002-1816;0.114830000;0.933590000
CVE-2002-1815;0.004460000;0.627660000
CVE-2002-1814;0.002520000;0.484250000
CVE-2002-1813;0.030620000;0.862740000
CVE-2002-1812;0.004770000;0.641740000
CVE-2002-1811;0.047210000;0.890000000
CVE-2002-1810;0.008370000;0.740200000
CVE-2002-1809;0.089840000;0.923100000
CVE-2002-1808;0.004830000;0.644310000
CVE-2002-1807;0.003960000;0.597760000
CVE-2002-1806;0.027120000;0.854490000
CVE-2002-1805;0.016060000;0.812560000
CVE-2002-1804;0.015490000;0.809220000
CVE-2002-1803;0.001080000;0.298300000
CVE-2002-1802;0.006520000;0.701990000
CVE-2002-1801;0.005850000;0.682760000
CVE-2002-1800;0.004410000;0.625260000
CVE-2002-1799;0.005190000;0.660280000
CVE-2002-1798;0.061040000;0.904300000
CVE-2002-1797;0.002530000;0.484850000
CVE-2002-1796;0.001080000;0.298000000
CVE-2002-1795;0.176010000;0.948530000
CVE-2002-1794;0.009000000;0.750250000
CVE-2002-1793;0.015220000;0.807780000
CVE-2002-1792;0.146890000;0.942320000
CVE-2002-1791;0.001090000;0.299990000
CVE-2002-1790;0.197250000;0.952230000
CVE-2002-1789;0.002650000;0.498420000
CVE-2002-1788;0.008190000;0.737320000
CVE-2002-1787;0.003330000;0.555920000
CVE-2002-1786;0.001440000;0.353860000
CVE-2002-1785;0.003320000;0.555740000
CVE-2002-1784;0.020350000;0.833110000
CVE-2002-1783;0.011530000;0.779710000
CVE-2002-1782;0.000780000;0.235230000
CVE-2002-1781;0.038500000;0.878120000
CVE-2002-1780;0.006510000;0.701880000
CVE-2002-1779;0.006560000;0.703260000
CVE-2002-1778;0.004520000;0.630310000
CVE-2002-1777;0.002140000;0.440310000
CVE-2002-1776;0.002140000;0.440310000
CVE-2002-1775;0.002140000;0.440310000
CVE-2002-1774;0.002140000;0.440310000
CVE-2002-1773;0.287680000;0.963630000
CVE-2002-1772;0.000310000;0.083170000
CVE-2002-1771;0.003920000;0.595350000
CVE-2002-1770;0.011860000;0.782510000
CVE-2002-1769;0.189660000;0.950920000
CVE-2002-1768;0.007630000;0.727240000
CVE-2002-1767;0.082490000;0.918980000
CVE-2002-1766;0.001570000;0.370810000
CVE-2002-1765;0.009110000;0.752190000
CVE-2002-1764;0.002030000;0.425950000
CVE-2002-1763;0.000730000;0.224780000
CVE-2002-1762;0.061850000;0.904860000
CVE-2002-1761;0.002310000;0.458770000
CVE-2002-1760;0.004870000;0.646700000
CVE-2002-1759;0.003800000;0.588010000
CVE-2002-1758;0.003800000;0.588010000
CVE-2002-1757;0.040030000;0.880480000
CVE-2002-1756;0.008860000;0.748310000
CVE-2002-1755;0.003360000;0.559570000
CVE-2002-1754;0.000540000;0.169350000
CVE-2002-1753;0.059110000;0.902610000
CVE-2002-1752;0.014390000;0.802130000
CVE-2002-1751;0.003800000;0.588010000
CVE-2002-1750;0.014390000;0.802130000
CVE-2002-1749;0.005330000;0.665820000
CVE-2002-1748;0.004240000;0.615100000
CVE-2002-1747;0.003360000;0.559570000
CVE-2002-1746;0.003360000;0.559570000
CVE-2002-1745;0.101670000;0.928490000
CVE-2002-1744;0.672590000;0.984880000
CVE-2002-1743;0.010990000;0.774710000
CVE-2002-1742;0.006840000;0.709900000
CVE-2002-1741;0.001120000;0.305860000
CVE-2002-1740;0.001440000;0.352990000
CVE-2002-1739;0.000220000;0.052080000
CVE-2002-1738;0.003800000;0.588010000
CVE-2002-1737;0.000770000;0.233820000
CVE-2002-1736;0.003460000;0.566670000
CVE-2002-1735;0.000550000;0.173500000
CVE-2002-1734;0.015670000;0.810180000
CVE-2002-1733;0.003350000;0.558590000
CVE-2002-1732;0.005580000;0.674110000
CVE-2002-1731;0.007600000;0.726630000
CVE-2002-1730;0.003920000;0.595350000
CVE-2002-1729;0.010090000;0.764920000
CVE-2002-1728;0.004210000;0.614090000
CVE-2002-1727;0.006550000;0.703140000
CVE-2002-1726;0.004750000;0.640350000
CVE-2002-1725;0.004040000;0.602860000
CVE-2002-1724;0.008550000;0.743260000
CVE-2002-1723;0.003910000;0.594780000
CVE-2002-1722;0.000710000;0.219960000
CVE-2002-1721;0.014140000;0.800460000
CVE-2002-1720;0.013080000;0.792580000
CVE-2002-1719;0.003800000;0.588010000
CVE-2002-1718;0.191310000;0.951240000
CVE-2002-1717;0.143610000;0.941640000
CVE-2002-1716;0.171620000;0.947750000
CVE-2002-1715;0.001080000;0.298230000
CVE-2002-1714;0.197330000;0.952240000
CVE-2002-1713;0.004050000;0.603150000
CVE-2002-1712;0.498620000;0.976910000
CVE-2002-1711;0.001530000;0.366690000
CVE-2002-1710;0.000700000;0.216690000
CVE-2002-1709;0.002880000;0.519030000
CVE-2002-1708;0.006550000;0.703140000
CVE-2002-1707;0.003350000;0.558590000
CVE-2002-1706;0.003630000;0.577990000
CVE-2002-1705;0.398860000;0.971640000
CVE-2002-1704;0.032630000;0.867360000
CVE-2002-1703;0.005190000;0.660280000
CVE-2002-1702;0.004010000;0.600910000
CVE-2002-1700;0.163410000;0.946100000
CVE-2002-1699;0.018710000;0.825990000
CVE-2002-1698;0.188660000;0.950720000
CVE-2002-1697;0.003770000;0.586410000
CVE-2002-1696;0.000640000;0.201180000
CVE-2002-1695;0.019570000;0.829970000
CVE-2002-1694;0.016030000;0.812350000
CVE-2002-1692;0.003180000;0.543810000
CVE-2002-1691;0.009330000;0.755080000
CVE-2002-1690;0.004760000;0.641500000
CVE-2002-1689;0.014210000;0.800940000
CVE-2002-1688;0.366990000;0.969710000
CVE-2002-1687;0.000600000;0.188850000
CVE-2002-1686;0.005050000;0.654240000
CVE-2002-1685;0.005190000;0.660280000
CVE-2002-1684;0.002290000;0.456740000
CVE-2002-1683;0.004010000;0.600910000
CVE-2002-1682;0.000380000;0.111330000
CVE-2002-1681;0.008550000;0.743260000
CVE-2002-1680;0.003460000;0.566390000
CVE-2002-1679;0.003920000;0.595350000
CVE-2002-1678;0.004480000;0.628670000
CVE-2002-1677;0.004210000;0.614090000
CVE-2002-1676;0.000720000;0.222620000
CVE-2002-1675;0.019220000;0.828570000
CVE-2002-1674;0.000630000;0.196730000
CVE-2002-1673;0.001130000;0.307090000
CVE-2002-1672;0.000560000;0.177070000
CVE-2002-1671;0.246470000;0.959280000
CVE-2002-1670;0.004480000;0.628740000
CVE-2002-1669;0.000510000;0.158700000
CVE-2002-1668;0.000880000;0.257730000
CVE-2002-1667;0.000580000;0.182940000
CVE-2002-1666;0.005100000;0.656710000
CVE-2002-1665;0.134000000;0.939290000
CVE-2002-1664;0.014880000;0.805510000
CVE-2002-1663;0.085280000;0.920540000
CVE-2002-1662;0.008550000;0.743260000
CVE-2002-1661;0.024580000;0.847700000
CVE-2002-1660;0.117420000;0.934450000
CVE-2002-1659;0.003500000;0.569040000
CVE-2002-1658;0.001490000;0.360460000
CVE-2002-1657;0.003980000;0.599290000
CVE-2002-1656;0.154260000;0.944030000
CVE-2002-1655;0.013140000;0.793150000
CVE-2002-1654;0.017800000;0.822040000
CVE-2002-1653;0.004450000;0.627220000
CVE-2002-1652;0.162420000;0.945770000
CVE-2002-1651;0.008060000;0.735180000
CVE-2002-1650;0.031720000;0.865070000
CVE-2002-1649;0.007640000;0.727420000
CVE-2002-1648;0.012680000;0.789360000
CVE-2002-1647;0.011480000;0.779300000
CVE-2002-1646;0.019760000;0.830710000
CVE-2002-1645;0.128980000;0.937920000
CVE-2002-1644;0.000760000;0.230150000
CVE-2002-1643;0.819420000;0.991580000
CVE-2002-1642;0.000650000;0.204500000
CVE-2002-1641;0.132160000;0.938810000
CVE-2002-1640;0.015200000;0.807630000
CVE-2002-1639;0.020930000;0.835320000
CVE-2002-1637;0.001180000;0.314380000
CVE-2002-1636;0.002940000;0.523970000
CVE-2002-1635;0.009530000;0.757760000
CVE-2002-1634;0.085550000;0.920750000
CVE-2002-1633;0.001220000;0.320650000
CVE-2002-1632;0.014440000;0.802410000
CVE-2002-1631;0.059430000;0.902990000
CVE-2002-1630;0.047200000;0.889940000
CVE-2002-1629;0.012680000;0.789350000
CVE-2002-1628;0.005730000;0.679230000
CVE-2002-1627;0.005910000;0.684820000
CVE-2002-1626;0.005910000;0.684820000
CVE-2002-1625;0.078200000;0.916370000
CVE-2002-1624;0.036270000;0.874280000
CVE-2002-1623;0.609890000;0.982150000
CVE-2002-1622;0.017510000;0.820700000
CVE-2002-1621;0.263720000;0.961310000
CVE-2002-1620;0.009140000;0.752560000
CVE-2002-1619;0.014130000;0.800400000
CVE-2002-1618;0.000790000;0.239320000
CVE-2002-1617;0.002470000;0.479100000
CVE-2002-1616;0.003020000;0.530660000
CVE-2002-1615;0.000910000;0.263190000
CVE-2002-1614;0.008540000;0.743080000
CVE-2002-1613;0.000840000;0.248790000
CVE-2002-1612;0.000760000;0.229610000
CVE-2002-1611;0.001350000;0.339840000
CVE-2002-1610;0.001330000;0.337400000
CVE-2002-1609;0.001300000;0.333660000
CVE-2002-1608;0.001500000;0.361350000
CVE-2002-1607;0.001500000;0.361350000
CVE-2002-1606;0.001950000;0.417390000
CVE-2002-1605;0.275920000;0.962490000
CVE-2002-1604;0.460210000;0.974950000
CVE-2002-1603;0.357460000;0.969080000
CVE-2002-1602;0.001250000;0.326210000
CVE-2002-1601;0.030180000;0.861800000
CVE-2002-1600;0.011570000;0.780300000
CVE-2002-1599;0.009680000;0.759870000
CVE-2002-1598;0.001650000;0.380960000
CVE-2002-1597;0.009970000;0.763700000
CVE-2002-1596;0.008440000;0.741410000
CVE-2002-1595;0.003940000;0.596380000
CVE-2002-1594;0.001400000;0.347750000
CVE-2002-1593;0.373750000;0.970130000
CVE-2002-1592;0.051370000;0.894940000
CVE-2002-1591;0.005660000;0.677120000
CVE-2002-1590;0.000370000;0.107510000
CVE-2002-1589;0.000650000;0.204190000
CVE-2002-1588;0.007390000;0.722360000
CVE-2002-1587;0.000650000;0.204190000
CVE-2002-1586;0.000670000;0.209800000
CVE-2002-1585;0.007390000;0.722360000
CVE-2002-1584;0.052570000;0.896260000
CVE-2002-1583;0.002730000;0.504710000
CVE-2002-1582;0.014820000;0.805050000
CVE-2002-1581;0.097460000;0.926620000
CVE-2002-1580;0.485450000;0.976250000
CVE-2002-1579;0.007390000;0.722360000
CVE-2002-1578;0.012570000;0.788590000
CVE-2002-1577;0.006360000;0.697450000
CVE-2002-1576;0.003250000;0.550090000
CVE-2002-1575;0.007510000;0.724760000
CVE-2002-1574;0.001390000;0.346290000
CVE-2002-1573;0.004370000;0.623730000
CVE-2002-1572;0.004370000;0.623730000
CVE-2002-1571;0.000750000;0.228130000
CVE-2002-1570;0.097020000;0.926400000
CVE-2002-1569;0.025090000;0.848990000
CVE-2002-1568;0.010950000;0.774310000
CVE-2002-1567;0.482200000;0.976080000
CVE-2002-1566;0.058160000;0.901790000
CVE-2002-1565;0.009370000;0.755630000
CVE-2002-1564;0.158550000;0.944960000
CVE-2002-1563;0.000830000;0.247640000
CVE-2002-1562;0.019510000;0.829690000
CVE-2002-1561;0.624040000;0.982770000
CVE-2002-1560;0.023630000;0.844650000
CVE-2002-1559;0.043080000;0.884850000
CVE-2002-1558;0.009250000;0.753950000
CVE-2002-1557;0.004860000;0.646320000
CVE-2002-1556;0.004860000;0.646320000
CVE-2002-1555;0.007180000;0.718060000
CVE-2002-1554;0.001070000;0.296120000
CVE-2002-1553;0.007410000;0.722820000
CVE-2002-1552;0.002100000;0.434960000
CVE-2002-1551;0.000960000;0.272860000
CVE-2002-1550;0.000610000;0.192430000
CVE-2002-1549;0.071040000;0.911850000
CVE-2002-1548;0.000620000;0.194830000
CVE-2002-1547;0.017240000;0.819180000
CVE-2002-1546;0.004280000;0.618270000
CVE-2002-1545;0.004970000;0.650690000
CVE-2002-1544;0.003530000;0.570910000
CVE-2002-1543;0.000860000;0.253990000
CVE-2002-1542;0.073530000;0.913450000
CVE-2002-1541;0.004150000;0.609930000
CVE-2002-1540;0.000580000;0.184390000
CVE-2002-1539;0.042950000;0.884650000
CVE-2002-1538;0.005010000;0.652330000
CVE-2002-1537;0.004120000;0.608070000
CVE-2002-1536;0.014580000;0.803330000
CVE-2002-1535;0.008220000;0.737840000
CVE-2002-1534;0.005680000;0.677640000
CVE-2002-1533;0.051890000;0.895500000
CVE-2002-1532;0.007820000;0.730660000
CVE-2002-1531;0.007820000;0.730660000
CVE-2002-1530;0.071330000;0.912020000
CVE-2002-1529;0.008790000;0.746960000
CVE-2002-1528;0.005010000;0.652330000
CVE-2002-1527;0.043080000;0.884850000
CVE-2002-1526;0.005560000;0.673700000
CVE-2002-1525;0.034470000;0.871110000
CVE-2002-1524;0.114800000;0.933570000
CVE-2002-1523;0.006530000;0.702280000
CVE-2002-1522;0.152780000;0.943720000
CVE-2002-1521;0.000780000;0.235390000
CVE-2002-1520;0.008260000;0.738280000
CVE-2002-1519;0.036850000;0.875240000
CVE-2002-1518;0.000540000;0.171810000
CVE-2002-1517;0.000770000;0.232730000
CVE-2002-1516;0.000680000;0.211440000
CVE-2002-1515;0.014820000;0.804980000
CVE-2002-1514;0.003970000;0.598850000
CVE-2002-1513;0.002770000;0.508140000
CVE-2002-1512;0.003970000;0.598850000
CVE-2002-1511;0.009460000;0.756880000
CVE-2002-1510;0.008120000;0.736060000
CVE-2002-1509;0.000750000;0.229340000
CVE-2002-1508;0.000280000;0.073820000
CVE-2002-1507;0.005700000;0.678460000
CVE-2002-1506;0.004630000;0.635510000
CVE-2002-1505;0.003290000;0.552840000
CVE-2002-1504;0.004600000;0.634040000
CVE-2002-1503;0.002280000;0.455880000
CVE-2002-1502;0.001820000;0.402610000
CVE-2002-1501;0.067940000;0.909590000
CVE-2002-1500;0.001450000;0.354900000
CVE-2002-1499;0.005300000;0.664740000
CVE-2002-1498;0.005330000;0.665900000
CVE-2002-1497;0.004420000;0.625650000
CVE-2002-1496;0.144990000;0.941920000
CVE-2002-1495;0.013530000;0.796210000
CVE-2002-1494;0.005190000;0.660280000
CVE-2002-1493;0.005910000;0.684640000
CVE-2002-1492;0.002130000;0.439720000
CVE-2002-1491;0.003250000;0.549700000
CVE-2002-1490;0.000650000;0.202860000
CVE-2002-1489;0.079600000;0.917340000
CVE-2002-1488;0.043760000;0.885690000
CVE-2002-1487;0.156090000;0.944450000
CVE-2002-1486;0.439740000;0.973900000
CVE-2002-1485;0.005700000;0.678460000
CVE-2002-1484;0.070300000;0.911230000
CVE-2002-1483;0.051120000;0.894660000
CVE-2002-1482;0.006880000;0.710610000
CVE-2002-1481;0.067630000;0.909380000
CVE-2002-1480;0.008790000;0.746960000
CVE-2002-1479;0.000510000;0.161580000
CVE-2002-1478;0.005910000;0.684800000
CVE-2002-1477;0.026530000;0.853030000
CVE-2002-1476;0.000990000;0.283050000
CVE-2002-1475;0.007120000;0.716320000
CVE-2002-1474;0.007120000;0.716320000
CVE-2002-1473;0.099810000;0.927770000
CVE-2002-1472;0.000550000;0.173410000
CVE-2002-1471;0.002620000;0.493580000
CVE-2002-1470;0.000990000;0.283570000
CVE-2002-1469;0.075310000;0.914420000
CVE-2002-1468;0.106550000;0.930310000
CVE-2002-1467;0.004880000;0.647050000
CVE-2002-1466;0.011850000;0.782370000
CVE-2002-1465;0.007120000;0.716370000
CVE-2002-1464;0.012090000;0.784530000
CVE-2002-1463;0.110060000;0.931700000
CVE-2002-1462;0.011480000;0.779330000
CVE-2002-1461;0.021430000;0.837170000
CVE-2002-1460;0.014120000;0.800350000
CVE-2002-1459;0.010750000;0.772280000
CVE-2002-1458;0.008740000;0.746230000
CVE-2002-1457;0.015760000;0.810620000
CVE-2002-1456;0.151000000;0.943330000
CVE-2002-1455;0.004480000;0.628660000
CVE-2002-1454;0.006550000;0.703090000
CVE-2002-1453;0.006550000;0.703140000
CVE-2002-1452;0.162750000;0.945860000
CVE-2002-1451;0.057840000;0.901510000
CVE-2002-1450;0.004970000;0.650660000
CVE-2002-1449;0.007510000;0.724890000
CVE-2002-1448;0.014020000;0.799490000
CVE-2002-1447;0.004090000;0.605550000
CVE-2002-1446;0.006270000;0.695330000
CVE-2002-1445;0.005190000;0.660280000
CVE-2002-1444;0.171040000;0.947600000
CVE-2002-1443;0.003820000;0.589320000
CVE-2002-1442;0.006770000;0.708330000
CVE-2002-1441;0.057130000;0.900880000
CVE-2002-1440;0.007650000;0.727610000
CVE-2002-1439;0.001040000;0.292090000
CVE-2002-1438;0.006340000;0.696890000
CVE-2002-1437;0.046040000;0.888570000
CVE-2002-1436;0.096710000;0.926170000
CVE-2002-1435;0.057700000;0.901390000
CVE-2002-1434;0.008790000;0.746960000
CVE-2002-1433;0.007390000;0.722360000
CVE-2002-1432;0.075150000;0.914350000
CVE-2002-1431;0.007390000;0.722070000
CVE-2002-1430;0.005170000;0.659730000
CVE-2002-1429;0.050530000;0.893830000
CVE-2002-1428;0.026850000;0.853790000
CVE-2002-1427;0.030620000;0.862740000
CVE-2002-1426;0.149440000;0.943010000
CVE-2002-1425;0.017890000;0.822350000
CVE-2002-1424;0.021680000;0.838240000
CVE-2002-1423;0.096500000;0.926090000
CVE-2002-1422;0.063380000;0.906170000
CVE-2002-1421;0.007340000;0.721080000
CVE-2002-1420;0.003970000;0.598740000
CVE-2002-1419;0.005270000;0.663280000
CVE-2002-1418;0.039220000;0.879130000
CVE-2002-1417;0.135530000;0.939700000
CVE-2002-1416;0.006250000;0.694880000
CVE-2002-1415;0.018670000;0.825860000
CVE-2002-1414;0.004710000;0.638700000
CVE-2002-1413;0.016920000;0.817520000
CVE-2002-1412;0.162720000;0.945850000
CVE-2002-1411;0.002720000;0.504460000
CVE-2002-1410;0.115100000;0.933670000
CVE-2002-1409;0.001030000;0.289770000
CVE-2002-1408;0.009190000;0.753280000
CVE-2002-1407;0.004790000;0.643120000
CVE-2002-1406;0.000560000;0.176330000
CVE-2002-1405;0.140840000;0.941030000
CVE-2002-1403;0.000580000;0.182330000
CVE-2002-1402;0.001400000;0.347400000
CVE-2002-1401;0.010300000;0.767510000
CVE-2002-1400;0.016010000;0.812180000
CVE-2002-1399;0.004580000;0.632670000
CVE-2002-1398;0.001620000;0.376870000
CVE-2002-1397;0.006640000;0.705140000
CVE-2002-1396;0.019460000;0.829540000
CVE-2002-1395;0.000840000;0.250530000
CVE-2002-1394;0.053530000;0.897300000
CVE-2002-1393;0.024390000;0.847040000
CVE-2002-1392;0.000780000;0.236090000
CVE-2002-1391;0.030010000;0.861310000
CVE-2002-1390;0.003570000;0.573350000
CVE-2002-1389;0.000830000;0.248220000
CVE-2002-1388;0.003460000;0.566390000
CVE-2002-1387;0.000730000;0.223860000
CVE-2002-1386;0.004410000;0.625390000
CVE-2002-1385;0.000510000;0.159110000
CVE-2002-1384;0.000700000;0.215850000
CVE-2002-1383;0.162120000;0.945710000
CVE-2002-1382;0.153460000;0.943880000
CVE-2002-1381;0.030520000;0.862480000
CVE-2002-1380;0.001820000;0.402970000
CVE-2002-1379;0.012320000;0.786580000
CVE-2002-1378;0.092040000;0.924100000
CVE-2002-1377;0.000770000;0.233240000
CVE-2002-1376;0.030160000;0.861780000
CVE-2002-1375;0.150310000;0.943200000
CVE-2002-1374;0.253640000;0.960030000
CVE-2002-1373;0.031230000;0.864060000
CVE-2002-1372;0.089190000;0.922750000
CVE-2002-1371;0.058720000;0.902250000
CVE-2002-1369;0.099690000;0.927730000
CVE-2002-1368;0.267530000;0.961630000
CVE-2002-1367;0.039030000;0.878860000
CVE-2002-1366;0.000890000;0.259810000
CVE-2002-1365;0.046880000;0.889570000
CVE-2002-1364;0.002350000;0.463690000
CVE-2002-1363;0.067870000;0.909550000
CVE-2002-1362;0.010990000;0.774710000
CVE-2002-1361;0.207560000;0.953990000
CVE-2002-1360;0.041280000;0.882480000
CVE-2002-1359;0.869980000;0.993990000
CVE-2002-1358;0.041280000;0.882480000
CVE-2002-1357;0.184740000;0.950090000
CVE-2002-1356;0.020510000;0.833660000
CVE-2002-1355;0.007390000;0.722360000
CVE-2002-1354;0.003640000;0.578460000
CVE-2002-1353;0.003570000;0.573350000
CVE-2002-1352;0.005380000;0.667730000
CVE-2002-1351;0.084480000;0.920060000
CVE-2002-1350;0.024580000;0.847700000
CVE-2002-1349;0.002990000;0.528730000
CVE-2002-1348;0.011630000;0.780660000
CVE-2002-1347;0.099760000;0.927750000
CVE-2002-1345;0.021260000;0.836510000
CVE-2002-1344;0.007640000;0.727460000
CVE-2002-1342;0.009820000;0.761930000
CVE-2002-1341;0.027020000;0.854150000
CVE-2002-1340;0.187570000;0.950530000
CVE-2002-1339;0.187570000;0.950530000
CVE-2002-1338;0.265080000;0.961440000
CVE-2002-1337;0.514210000;0.977610000
CVE-2002-1336;0.010740000;0.772150000
CVE-2002-1335;0.010140000;0.765570000
CVE-2002-1334;0.006710000;0.706670000
CVE-2002-1327;0.369060000;0.969840000
CVE-2002-1325;0.085200000;0.920500000
CVE-2002-1323;0.000960000;0.272680000
CVE-2002-1322;0.052190000;0.895810000
CVE-2002-1321;0.038500000;0.878120000
CVE-2002-1320;0.163730000;0.946160000
CVE-2002-1319;0.000630000;0.199240000
CVE-2002-1318;0.734120000;0.987410000
CVE-2002-1317;0.424840000;0.973120000
CVE-2002-1316;0.020020000;0.831780000
CVE-2002-1315;0.018520000;0.825070000
CVE-2002-1313;0.000810000;0.243130000
CVE-2002-1312;0.012230000;0.785790000
CVE-2002-1311;0.000680000;0.211440000
CVE-2002-1310;0.032930000;0.867990000
CVE-2002-1309;0.016930000;0.817600000
CVE-2002-1308;0.062360000;0.905340000
CVE-2002-1307;0.062900000;0.905830000
CVE-2002-1306;0.055360000;0.899230000
CVE-2002-1296;0.000270000;0.067440000
CVE-2002-1295;0.030680000;0.862960000
CVE-2002-1294;0.055860000;0.899760000
CVE-2002-1293;0.025180000;0.849450000
CVE-2002-1292;0.076770000;0.915600000
CVE-2002-1291;0.102880000;0.929020000
CVE-2002-1290;0.048330000;0.891360000
CVE-2002-1289;0.064560000;0.907010000
CVE-2002-1288;0.087940000;0.922100000
CVE-2002-1287;0.060960000;0.904230000
CVE-2002-1286;0.069530000;0.910680000
CVE-2002-1285;0.001510000;0.364110000
CVE-2002-1284;0.000680000;0.211440000
CVE-2002-1283;0.003710000;0.582680000
CVE-2002-1282;0.081190000;0.918330000
CVE-2002-1281;0.063300000;0.906110000
CVE-2002-1280;0.004060000;0.603910000
CVE-2002-1279;0.001450000;0.354900000
CVE-2002-1278;0.006640000;0.705310000
CVE-2002-1277;0.057870000;0.901540000
CVE-2002-1276;0.006360000;0.697550000
CVE-2002-1275;0.084550000;0.920100000
CVE-2002-1272;0.026740000;0.853520000
CVE-2002-1271;0.012530000;0.788250000
CVE-2002-1270;0.000690000;0.213660000
CVE-2002-1269;0.000610000;0.192430000
CVE-2002-1268;0.000660000;0.205920000
CVE-2002-1267;0.006510000;0.701880000
CVE-2002-1266;0.000660000;0.205920000
CVE-2002-1265;0.023690000;0.844800000
CVE-2002-1264;0.073870000;0.913650000
CVE-2002-1262;0.115300000;0.933720000
CVE-2002-1260;0.087720000;0.922000000
CVE-2002-1258;0.061210000;0.904400000
CVE-2002-1257;0.071430000;0.912110000
CVE-2002-1256;0.315870000;0.966060000
CVE-2002-1255;0.140220000;0.940890000
CVE-2002-1254;0.744270000;0.987880000
CVE-2002-1253;0.001090000;0.299340000
CVE-2002-1252;0.004240000;0.615530000
CVE-2002-1251;0.051700000;0.895270000
CVE-2002-1250;0.003350000;0.558220000
CVE-2002-1248;0.048910000;0.892100000
CVE-2002-1247;0.000750000;0.228170000
CVE-2002-1245;0.001240000;0.324760000
CVE-2002-1244;0.032860000;0.867850000
CVE-2002-1242;0.000880000;0.257690000
CVE-2002-1239;0.003970000;0.598850000
CVE-2002-1238;0.046690000;0.889330000
CVE-2002-1236;0.051870000;0.895480000
CVE-2002-1235;0.329170000;0.967110000
CVE-2002-1233;0.001300000;0.333760000
CVE-2002-1232;0.060350000;0.903710000
CVE-2002-1231;0.000630000;0.196730000
CVE-2002-1230;0.007870000;0.731870000
CVE-2002-1229;0.013410000;0.795130000
CVE-2002-1228;0.007030000;0.714030000
CVE-2002-1227;0.007170000;0.717930000
CVE-2002-1226;0.004190000;0.612560000
CVE-2002-1225;0.014810000;0.804880000
CVE-2002-1224;0.118420000;0.934720000
CVE-2002-1223;0.008040000;0.734710000
CVE-2002-1222;0.161630000;0.945600000
CVE-2002-1221;0.036610000;0.874820000
CVE-2002-1220;0.326860000;0.966930000
CVE-2002-1219;0.070850000;0.911690000
CVE-2002-1217;0.745010000;0.987940000
CVE-2002-1216;0.006690000;0.706310000
CVE-2002-1215;0.153530000;0.943900000
CVE-2002-1214;0.790410000;0.990130000
CVE-2002-1213;0.014250000;0.801190000
CVE-2002-1212;0.007100000;0.716060000
CVE-2002-1211;0.038760000;0.878510000
CVE-2002-1210;0.004890000;0.647680000
CVE-2002-1209;0.045180000;0.887440000
CVE-2002-1204;0.008520000;0.742770000
CVE-2002-1203;0.013240000;0.793830000
CVE-2002-1202;0.014020000;0.799490000
CVE-2002-1201;0.021470000;0.837310000
CVE-2002-1200;0.065300000;0.907590000
CVE-2002-1199;0.021440000;0.837180000
CVE-2002-1198;0.005020000;0.653170000
CVE-2002-1197;0.021160000;0.836220000
CVE-2002-1196;0.004340000;0.621700000
CVE-2002-1195;0.004510000;0.629770000
CVE-2002-1194;0.121760000;0.935760000
CVE-2002-1193;0.001820000;0.402610000
CVE-2002-1192;0.003670000;0.580350000
CVE-2002-1191;0.012710000;0.789850000
CVE-2002-1190;0.007170000;0.717930000
CVE-2002-1189;0.000790000;0.239100000
CVE-2002-1188;0.162050000;0.945700000
CVE-2002-1187;0.265590000;0.961480000
CVE-2002-1186;0.333750000;0.967440000
CVE-2002-1185;0.292050000;0.964050000
CVE-2002-1184;0.008830000;0.747690000
CVE-2002-1183;0.119130000;0.934930000
CVE-2002-1182;0.437890000;0.973820000
CVE-2002-1181;0.121020000;0.935460000
CVE-2002-1180;0.021080000;0.835960000
CVE-2002-1179;0.501140000;0.977030000
CVE-2002-1178;0.104470000;0.929630000
CVE-2002-1177;0.030770000;0.863200000
CVE-2002-1176;0.019110000;0.827840000
CVE-2002-1175;0.013440000;0.795400000
CVE-2002-1174;0.042760000;0.884400000
CVE-2002-1170;0.012710000;0.789850000
CVE-2002-1169;0.042650000;0.884230000
CVE-2002-1168;0.019080000;0.827730000
CVE-2002-1167;0.044080000;0.886070000
CVE-2002-1166;0.041020000;0.882120000
CVE-2002-1165;0.029000000;0.859170000
CVE-2002-1160;0.000660000;0.207610000
CVE-2002-1159;0.012710000;0.789850000
CVE-2002-1158;0.000830000;0.247870000
CVE-2002-1157;0.034470000;0.871130000
CVE-2002-1156;0.320740000;0.966460000
CVE-2002-1155;0.001070000;0.296770000
CVE-2002-1154;0.006720000;0.707030000
CVE-2002-1153;0.025800000;0.851050000
CVE-2002-1152;0.014270000;0.801340000
CVE-2002-1151;0.032250000;0.866410000
CVE-2002-1150;0.007620000;0.726790000
CVE-2002-1149;0.007320000;0.720640000
CVE-2002-1148;0.366860000;0.969690000
CVE-2002-1147;0.059330000;0.902870000
CVE-2002-1146;0.097170000;0.926480000
CVE-2002-1145;0.024440000;0.847180000
CVE-2002-1143;0.324770000;0.966780000
CVE-2002-1142;0.830430000;0.992160000
CVE-2002-1141;0.180870000;0.949340000
CVE-2002-1140;0.180870000;0.949340000
CVE-2002-1139;0.201710000;0.952950000
CVE-2002-1138;0.114020000;0.933150000
CVE-2002-1137;0.187420000;0.950510000
CVE-2002-1135;0.051120000;0.894660000
CVE-2002-1134;0.017300000;0.819560000
CVE-2002-1133;0.032650000;0.867410000
CVE-2002-1132;0.006190000;0.692790000
CVE-2002-1131;0.038770000;0.878530000
CVE-2002-1129;0.003480000;0.567500000
CVE-2002-1128;0.001540000;0.367950000
CVE-2002-1127;0.001540000;0.367950000
CVE-2002-1126;0.005490000;0.671480000
CVE-2002-1125;0.003310000;0.554840000
CVE-2002-1124;0.001450000;0.354900000
CVE-2002-1123;0.891440000;0.995090000
CVE-2002-1122;0.068430000;0.909910000
CVE-2002-1121;0.009380000;0.755710000
CVE-2002-1120;0.730390000;0.987240000
CVE-2002-1119;0.001440000;0.352950000
CVE-2002-1118;0.015940000;0.811870000
CVE-2002-1117;0.008200000;0.737470000
CVE-2002-1116;0.004890000;0.647430000
CVE-2002-1115;0.011320000;0.777940000
CVE-2002-1114;0.021160000;0.836220000
CVE-2002-1113;0.138690000;0.940520000
CVE-2002-1112;0.006250000;0.694840000
CVE-2002-1111;0.005240000;0.662010000
CVE-2002-1110;0.005280000;0.664040000
CVE-2002-1109;0.000700000;0.218110000
CVE-2002-1108;0.003950000;0.597040000
CVE-2002-1107;0.005270000;0.663280000
CVE-2002-1106;0.003870000;0.591690000
CVE-2002-1105;0.000950000;0.271180000
CVE-2002-1104;0.007390000;0.722360000
CVE-2002-1103;0.004190000;0.612630000
CVE-2002-1102;0.007390000;0.722360000
CVE-2002-1101;0.182740000;0.949680000
CVE-2002-1100;0.007390000;0.722360000
CVE-2002-1099;0.005070000;0.655160000
CVE-2002-1098;0.005270000;0.663280000
CVE-2002-1097;0.002840000;0.514510000
CVE-2002-1096;0.005270000;0.663280000
CVE-2002-1095;0.003980000;0.599460000
CVE-2002-1094;0.012270000;0.786190000
CVE-2002-1093;0.007390000;0.722360000
CVE-2002-1092;0.005330000;0.665840000
CVE-2002-1091;0.052010000;0.895590000
CVE-2002-1090;0.009290000;0.754580000
CVE-2002-1089;0.104050000;0.929500000
CVE-2002-1088;0.092280000;0.924210000
CVE-2002-1087;0.005150000;0.658810000
CVE-2002-1086;0.004870000;0.646700000
CVE-2002-1085;0.007170000;0.717930000
CVE-2002-1084;0.013060000;0.792480000
CVE-2002-1083;0.008660000;0.744880000
CVE-2002-1082;0.004850000;0.645860000
CVE-2002-1081;0.006120000;0.691020000
CVE-2002-1080;0.010480000;0.769600000
CVE-2002-1079;0.102740000;0.928950000
CVE-2002-1078;0.010140000;0.765510000
CVE-2002-1077;0.116880000;0.934280000
CVE-2002-1076;0.284920000;0.963410000
CVE-2002-1075;0.114150000;0.933220000
CVE-2002-1073;0.053860000;0.897740000
CVE-2002-1072;0.054220000;0.898150000
CVE-2002-1071;0.063770000;0.906430000
CVE-2002-1070;0.039890000;0.880230000
CVE-2002-1069;0.006220000;0.694050000
CVE-2002-1068;0.005240000;0.661900000
CVE-2002-1067;0.009620000;0.758870000
CVE-2002-1066;0.018960000;0.827110000
CVE-2002-1065;0.006360000;0.697450000
CVE-2002-1064;0.009960000;0.763540000
CVE-2002-1063;0.007390000;0.722360000
CVE-2002-1062;0.034130000;0.870400000
CVE-2002-1061;0.058800000;0.902360000
CVE-2002-1060;0.007970000;0.733600000
CVE-2002-1059;0.731110000;0.987260000
CVE-2002-1058;0.064800000;0.907170000
CVE-2002-1057;0.051610000;0.895170000
CVE-2002-1056;0.163810000;0.946190000
CVE-2002-1055;0.009620000;0.758870000
CVE-2002-1054;0.037700000;0.876620000
CVE-2002-1053;0.012780000;0.790410000
CVE-2002-1052;0.020690000;0.834260000
CVE-2002-1051;0.000870000;0.256370000
CVE-2002-1050;0.037480000;0.876280000
CVE-2002-1049;0.015830000;0.811070000
CVE-2002-1048;0.102820000;0.928990000
CVE-2002-1047;0.005540000;0.672820000
CVE-2002-1046;0.013170000;0.793340000
CVE-2002-1045;0.013170000;0.793340000
CVE-2002-1044;0.055170000;0.899030000
CVE-2002-1043;0.103480000;0.929290000
CVE-2002-1042;0.085810000;0.920860000
CVE-2002-1041;0.006100000;0.690580000
CVE-2002-1040;0.005020000;0.652710000
CVE-2002-1039;0.024140000;0.846340000
CVE-2002-1038;0.005010000;0.652090000
CVE-2002-1037;0.005760000;0.680070000
CVE-2002-1036;0.069900000;0.910910000
CVE-2002-1035;0.007630000;0.727240000
CVE-2002-1034;0.087100000;0.921730000
CVE-2002-1033;0.086740000;0.921360000
CVE-2002-1032;0.013600000;0.796720000
CVE-2002-1031;0.069900000;0.910910000
CVE-2002-1030;0.006820000;0.709370000
CVE-2002-1029;0.048910000;0.892100000
CVE-2002-1028;0.076190000;0.914970000
CVE-2002-1027;0.095100000;0.925420000
CVE-2002-1026;0.017420000;0.820130000
CVE-2002-1025;0.007730000;0.728910000
CVE-2002-1024;0.013980000;0.799170000
CVE-2002-1023;0.048910000;0.892100000
CVE-2002-1022;0.008610000;0.744100000
CVE-2002-1021;0.034470000;0.871110000
CVE-2002-1020;0.014270000;0.801370000
CVE-2002-1019;0.014270000;0.801370000
CVE-2002-1018;0.013870000;0.798410000
CVE-2002-1017;0.002520000;0.483820000
CVE-2002-1016;0.009460000;0.756850000
CVE-2002-1015;0.014110000;0.800270000
CVE-2002-1014;0.170240000;0.947470000
CVE-2002-1013;0.003540000;0.571290000
CVE-2002-1012;0.024870000;0.848440000
CVE-2002-1011;0.024870000;0.848440000
CVE-2002-1010;0.003110000;0.538200000
CVE-2002-1009;0.030620000;0.862740000
CVE-2002-1008;0.038320000;0.877710000
CVE-2002-1007;0.053830000;0.897670000
CVE-2002-1006;0.007460000;0.723770000
CVE-2002-1005;0.005430000;0.669360000
CVE-2002-1004;0.064660000;0.907070000
CVE-2002-1003;0.036240000;0.874130000
CVE-2002-1002;0.034100000;0.870320000
CVE-2002-1001;0.260910000;0.960980000
CVE-2002-1000;0.022830000;0.842210000
CVE-2002-0999;0.012400000;0.787240000
CVE-2002-0998;0.021690000;0.838260000
CVE-2002-0997;0.026730000;0.853490000
CVE-2002-0996;0.051860000;0.895450000
CVE-2002-0995;0.071340000;0.912030000
CVE-2002-0994;0.088400000;0.922320000
CVE-2002-0993;0.001040000;0.292090000
CVE-2002-0992;0.000730000;0.224150000
CVE-2002-0991;0.008560000;0.743440000
CVE-2002-0990;0.010720000;0.772000000
CVE-2002-0989;0.049500000;0.892660000
CVE-2002-0988;0.010000000;0.764020000
CVE-2002-0987;0.001460000;0.356280000
CVE-2002-0986;0.078190000;0.916370000
CVE-2002-0985;0.016080000;0.812690000
CVE-2002-0984;0.025620000;0.850600000
CVE-2002-0983;0.009980000;0.763770000
CVE-2002-0982;0.086440000;0.921230000
CVE-2002-0981;0.003430000;0.563460000
CVE-2002-0980;0.404490000;0.971980000
CVE-2002-0979;0.029930000;0.861120000
CVE-2002-0978;0.036140000;0.873980000
CVE-2002-0977;0.053760000;0.897520000
CVE-2002-0976;0.549970000;0.979340000
CVE-2002-0975;0.099830000;0.927780000
CVE-2002-0974;0.571200000;0.980250000
CVE-2002-0973;0.000880000;0.258220000
CVE-2002-0972;0.000990000;0.284120000
CVE-2002-0971;0.000970000;0.275590000
CVE-2002-0970;0.023980000;0.845770000
CVE-2002-0969;0.001030000;0.290470000
CVE-2002-0968;0.151760000;0.943520000
CVE-2002-0967;0.034020000;0.870200000
CVE-2002-0966;0.016100000;0.812820000
CVE-2002-0965;0.776690000;0.989400000
CVE-2002-0964;0.062810000;0.905730000
CVE-2002-0963;0.008560000;0.743300000
CVE-2002-0962;0.112700000;0.932670000
CVE-2002-0961;0.008080000;0.735600000
CVE-2002-0960;0.016790000;0.816790000
CVE-2002-0959;0.038320000;0.877710000
CVE-2002-0958;0.007410000;0.722790000
CVE-2002-0957;0.006550000;0.703000000
CVE-2002-0956;0.003220000;0.547970000
CVE-2002-0955;0.030620000;0.862740000
CVE-2002-0954;0.002630000;0.495560000
CVE-2002-0953;0.054440000;0.898370000
CVE-2002-0952;0.007390000;0.722360000
CVE-2002-0951;0.018030000;0.823000000
CVE-2002-0950;0.034130000;0.870400000
CVE-2002-0949;0.147170000;0.942360000
CVE-2002-0948;0.074970000;0.914250000
CVE-2002-0947;0.085910000;0.920930000
CVE-2002-0946;0.081840000;0.918630000
CVE-2002-0945;0.029460000;0.860020000
CVE-2002-0944;0.014020000;0.799490000
CVE-2002-0943;0.004280000;0.618290000
CVE-2002-0942;0.101830000;0.928570000
CVE-2002-0941;0.001560000;0.370340000
CVE-2002-0940;0.000880000;0.258220000
CVE-2002-0939;0.000740000;0.226810000
CVE-2002-0938;0.031090000;0.863810000
CVE-2002-0937;0.013710000;0.797330000
CVE-2002-0936;0.082730000;0.919120000
CVE-2002-0935;0.028340000;0.857380000
CVE-2002-0934;0.011090000;0.775650000
CVE-2002-0933;0.014020000;0.799490000
CVE-2002-0932;0.003290000;0.552840000
CVE-2002-0931;0.043270000;0.885090000
CVE-2002-0930;0.010520000;0.769970000
CVE-2002-0929;0.035700000;0.873350000
CVE-2002-0928;0.073070000;0.913130000
CVE-2002-0926;0.180740000;0.949310000
CVE-2002-0925;0.038290000;0.877620000
CVE-2002-0924;0.006360000;0.697450000
CVE-2002-0923;0.030620000;0.862740000
CVE-2002-0922;0.070700000;0.911560000
CVE-2002-0921;0.008140000;0.736430000
CVE-2002-0920;0.006380000;0.698060000
CVE-2002-0919;0.124430000;0.936530000
CVE-2002-0918;0.143910000;0.941710000
CVE-2002-0917;0.006260000;0.695030000
CVE-2002-0916;0.026820000;0.853720000
CVE-2002-0915;0.001870000;0.407780000
CVE-2002-0914;0.007630000;0.727240000
CVE-2002-0913;0.039380000;0.879460000
CVE-2002-0912;0.009510000;0.757560000
CVE-2002-0911;0.001510000;0.364110000
CVE-2002-0910;0.019680000;0.830330000
CVE-2002-0909;0.010940000;0.774160000
CVE-2002-0908;0.166010000;0.946830000
CVE-2002-0907;0.109420000;0.931480000
CVE-2002-0906;0.029740000;0.860660000
CVE-2002-0905;0.005900000;0.684210000
CVE-2002-0904;0.011100000;0.775830000
CVE-2002-0903;0.016790000;0.816790000
CVE-2002-0902;0.082230000;0.918870000
CVE-2002-0901;0.082570000;0.919040000
CVE-2002-0900;0.155130000;0.944190000
CVE-2002-0899;0.004280000;0.618270000
CVE-2002-0898;0.047090000;0.889830000
CVE-2002-0897;0.031740000;0.865160000
CVE-2002-0896;0.008520000;0.742770000
CVE-2002-0895;0.073070000;0.913130000
CVE-2002-0894;0.064950000;0.907350000
CVE-2002-0893;0.070620000;0.911510000
CVE-2002-0892;0.057670000;0.901360000
CVE-2002-0891;0.006720000;0.707030000
CVE-2002-0889;0.000800000;0.240660000
CVE-2002-0888;0.002600000;0.491700000
CVE-2002-0887;0.004450000;0.627270000
CVE-2002-0886;0.226130000;0.956430000
CVE-2002-0885;0.038500000;0.878120000
CVE-2002-0884;0.023130000;0.843130000
CVE-2002-0883;0.001550000;0.368590000
CVE-2002-0882;0.013020000;0.792180000
CVE-2002-0881;0.001270000;0.329020000
CVE-2002-0880;0.006550000;0.703000000
CVE-2002-0879;0.143910000;0.941710000
CVE-2002-0878;0.008070000;0.735380000
CVE-2002-0877;0.024750000;0.848140000
CVE-2002-0876;0.052190000;0.895810000
CVE-2002-0875;0.010680000;0.771500000
CVE-2002-0874;0.043000000;0.884730000
CVE-2002-0873;0.005110000;0.656960000
CVE-2002-0872;0.007170000;0.717930000
CVE-2002-0871;0.001080000;0.297560000
CVE-2002-0870;0.004550000;0.631710000
CVE-2002-0869;0.296340000;0.964420000
CVE-2002-0867;0.115330000;0.933740000
CVE-2002-0866;0.413180000;0.972480000
CVE-2002-0865;0.131260000;0.938610000
CVE-2002-0864;0.234780000;0.957720000
CVE-2002-0863;0.179360000;0.949100000
CVE-2002-0862;0.151290000;0.943400000
CVE-2002-0861;0.061530000;0.904640000
CVE-2002-0860;0.249720000;0.959600000
CVE-2002-0859;0.392330000;0.971240000
CVE-2002-0858;0.003980000;0.599160000
CVE-2002-0857;0.027760000;0.855850000
CVE-2002-0856;0.007380000;0.721990000
CVE-2002-0855;0.410370000;0.972310000
CVE-2002-0854;0.000630000;0.199030000
CVE-2002-0853;0.016370000;0.814400000
CVE-2002-0852;0.007140000;0.717090000
CVE-2002-0851;0.006390000;0.698230000
CVE-2002-0850;0.038500000;0.878120000
CVE-2002-0849;0.002570000;0.489250000
CVE-2002-0848;0.007640000;0.727440000
CVE-2002-0847;0.021160000;0.836220000
CVE-2002-0846;0.072530000;0.912840000
CVE-2002-0845;0.033980000;0.870120000
CVE-2002-0844;0.000700000;0.214930000
CVE-2002-0843;0.037690000;0.876590000
CVE-2002-0842;0.383550000;0.970740000
CVE-2002-0840;0.913330000;0.996320000
CVE-2002-0839;0.001410000;0.348830000
CVE-2002-0838;0.044330000;0.886350000
CVE-2002-0837;0.037090000;0.875630000
CVE-2002-0836;0.141290000;0.941130000
CVE-2002-0835;0.028390000;0.857560000
CVE-2002-0834;0.017110000;0.818440000
CVE-2002-0833;0.047140000;0.889870000
CVE-2002-0832;0.023340000;0.843740000
CVE-2002-0831;0.000840000;0.248900000
CVE-2002-0830;0.012710000;0.789850000
CVE-2002-0829;0.000810000;0.243470000
CVE-2002-0827;0.001510000;0.364110000
CVE-2002-0826;0.128530000;0.937790000
CVE-2002-0825;0.015800000;0.810860000
CVE-2002-0824;0.000850000;0.252760000
CVE-2002-0823;0.645650000;0.983690000
CVE-2002-0822;0.006360000;0.697450000
CVE-2002-0821;0.019380000;0.829230000
CVE-2002-0820;0.000470000;0.145910000
CVE-2002-0819;0.000640000;0.202410000
CVE-2002-0818;0.032380000;0.866830000
CVE-2002-0817;0.001530000;0.366340000
CVE-2002-0816;0.008310000;0.739200000
CVE-2002-0815;0.014330000;0.801790000
CVE-2002-0814;0.140180000;0.940880000
CVE-2002-0813;0.100520000;0.928050000
CVE-2002-0812;0.083380000;0.919450000
CVE-2002-0811;0.004870000;0.646700000
CVE-2002-0810;0.008620000;0.744390000
CVE-2002-0809;0.004090000;0.605770000
CVE-2002-0808;0.004550000;0.631720000
CVE-2002-0807;0.007410000;0.722790000
CVE-2002-0806;0.001310000;0.335310000
CVE-2002-0805;0.000750000;0.227610000
CVE-2002-0804;0.005520000;0.672320000
CVE-2002-0803;0.013950000;0.798980000
CVE-2002-0802;0.003740000;0.584390000
CVE-2002-0801;0.396050000;0.971480000
CVE-2002-0800;0.011740000;0.781600000
CVE-2002-0799;0.109780000;0.931650000
CVE-2002-0798;0.002480000;0.479950000
CVE-2002-0797;0.052850000;0.896500000
CVE-2002-0796;0.034510000;0.871180000
CVE-2002-0795;0.001010000;0.285780000
CVE-2002-0794;0.009000000;0.750260000
CVE-2002-0793;0.001690000;0.385600000
CVE-2002-0792;0.009970000;0.763700000
CVE-2002-0791;0.010750000;0.772310000
CVE-2002-0790;0.001250000;0.325850000
CVE-2002-0789;0.041020000;0.882120000
CVE-2002-0788;0.001540000;0.367490000
CVE-2002-0787;0.164000000;0.946240000
CVE-2002-0786;0.110590000;0.931860000
CVE-2002-0785;0.022380000;0.840670000
CVE-2002-0784;0.026310000;0.852380000
CVE-2002-0783;0.115100000;0.933670000
CVE-2002-0782;0.047880000;0.890870000
CVE-2002-0781;0.006760000;0.707900000
CVE-2002-0780;0.009160000;0.752800000
CVE-2002-0779;0.047880000;0.890870000
CVE-2002-0778;0.008470000;0.742080000
CVE-2002-0777;0.422890000;0.973020000
CVE-2002-0776;0.008880000;0.748760000
CVE-2002-0775;0.006250000;0.694840000
CVE-2002-0774;0.012970000;0.791780000
CVE-2002-0773;0.009950000;0.763400000
CVE-2002-0772;0.011520000;0.779650000
CVE-2002-0771;0.082230000;0.918870000
CVE-2002-0770;0.051770000;0.895360000
CVE-2002-0769;0.054530000;0.898440000
CVE-2002-0768;0.015230000;0.807850000
CVE-2002-0767;0.016700000;0.816270000
CVE-2002-0766;0.001750000;0.394100000
CVE-2002-0765;0.006020000;0.687610000
CVE-2002-0764;0.209150000;0.954280000
CVE-2002-0763;0.006460000;0.700380000
CVE-2002-0762;0.001510000;0.364110000
CVE-2002-0761;0.001570000;0.370800000
CVE-2002-0760;0.001150000;0.310410000
CVE-2002-0759;0.008320000;0.739340000
CVE-2002-0758;0.010910000;0.773790000
CVE-2002-0757;0.006120000;0.691110000
CVE-2002-0756;0.010270000;0.767160000
CVE-2002-0755;0.000670000;0.209360000
CVE-2002-0754;0.001510000;0.364110000
CVE-2002-0753;0.078240000;0.916390000
CVE-2002-0752;0.006600000;0.704140000
CVE-2002-0751;0.008610000;0.744100000
CVE-2002-0750;0.009080000;0.751420000
CVE-2002-0749;0.053100000;0.896730000
CVE-2002-0748;0.105190000;0.929900000
CVE-2002-0747;0.109370000;0.931470000
CVE-2002-0746;0.008660000;0.744890000
CVE-2002-0745;0.013220000;0.793680000
CVE-2002-0744;0.006090000;0.689680000
CVE-2002-0743;0.006090000;0.689680000
CVE-2002-0742;0.013220000;0.793680000
CVE-2002-0741;0.128270000;0.937710000
CVE-2002-0740;0.001890000;0.410180000
CVE-2002-0739;0.008610000;0.744100000
CVE-2002-0738;0.011410000;0.778800000
CVE-2002-0737;0.106350000;0.930260000
CVE-2002-0736;0.123770000;0.936320000
CVE-2002-0735;0.023450000;0.844070000
CVE-2002-0734;0.048260000;0.891310000
CVE-2002-0733;0.095890000;0.925800000
CVE-2002-0732;0.054440000;0.898370000
CVE-2002-0731;0.054440000;0.898370000
CVE-2002-0730;0.030620000;0.862740000
CVE-2002-0729;0.156290000;0.944490000
CVE-2002-0728;0.005420000;0.669190000
CVE-2002-0727;0.095150000;0.925470000
CVE-2002-0726;0.187490000;0.950520000
CVE-2002-0725;0.006550000;0.702600000
CVE-2002-0724;0.615360000;0.982370000
CVE-2002-0723;0.219290000;0.955610000
CVE-2002-0722;0.057310000;0.901080000
CVE-2002-0721;0.543490000;0.979030000
CVE-2002-0720;0.019030000;0.827420000
CVE-2002-0719;0.060910000;0.904180000
CVE-2002-0718;0.088360000;0.922300000
CVE-2002-0717;0.056780000;0.900600000
CVE-2002-0716;0.001960000;0.418260000
CVE-2002-0715;0.004050000;0.603120000
CVE-2002-0714;0.001720000;0.390110000
CVE-2002-0713;0.013410000;0.795120000
CVE-2002-0712;0.002030000;0.425990000
CVE-2002-0711;0.011150000;0.776280000
CVE-2002-0710;0.046190000;0.888770000
CVE-2002-0709;0.007790000;0.730080000
CVE-2002-0708;0.037790000;0.876770000
CVE-2002-0707;0.012820000;0.790670000
CVE-2002-0706;0.004720000;0.638970000
CVE-2002-0705;0.009680000;0.759800000
CVE-2002-0704;0.010840000;0.773110000
CVE-2002-0703;0.005940000;0.685470000
CVE-2002-0702;0.376530000;0.970390000
CVE-2002-0701;0.001450000;0.354780000
CVE-2002-0700;0.134500000;0.939460000
CVE-2002-0699;0.051870000;0.895460000
CVE-2002-0698;0.171160000;0.947620000
CVE-2002-0697;0.171200000;0.947640000
CVE-2002-0696;0.182510000;0.949620000
CVE-2002-0695;0.132530000;0.938940000
CVE-2002-0694;0.289610000;0.963850000
CVE-2002-0693;0.660460000;0.984380000
CVE-2002-0692;0.521640000;0.977950000
CVE-2002-0691;0.150580000;0.943230000
CVE-2002-0690;0.178220000;0.948910000
CVE-2002-0688;0.006020000;0.687610000
CVE-2002-0687;0.006020000;0.687610000
CVE-2002-0686;0.045830000;0.888300000
CVE-2002-0685;0.013160000;0.793220000
CVE-2002-0684;0.035350000;0.872680000
CVE-2002-0683;0.007340000;0.721160000
CVE-2002-0682;0.666000000;0.984590000
CVE-2002-0681;0.073140000;0.913200000
CVE-2002-0680;0.052410000;0.896100000
CVE-2002-0679;0.708660000;0.986350000
CVE-2002-0678;0.004300000;0.618890000
CVE-2002-0677;0.190260000;0.951030000
CVE-2002-0676;0.064240000;0.906850000
CVE-2002-0675;0.001560000;0.370340000
CVE-2002-0674;0.000690000;0.213700000
CVE-2002-0673;0.001560000;0.370340000
CVE-2002-0672;0.001580000;0.372470000
CVE-2002-0671;0.005120000;0.657370000
CVE-2002-0670;0.012570000;0.788580000
CVE-2002-0669;0.004420000;0.625680000
CVE-2002-0668;0.004900000;0.647950000
CVE-2002-0667;0.021980000;0.839270000
CVE-2002-0666;0.007420000;0.722950000
CVE-2002-0665;0.035390000;0.872750000
CVE-2002-0664;0.005270000;0.663280000
CVE-2002-0663;0.028240000;0.857040000
CVE-2002-0662;0.000650000;0.204390000
CVE-2002-0661;0.919290000;0.996770000
CVE-2002-0660;0.009570000;0.758260000
CVE-2002-0659;0.104080000;0.929510000
CVE-2002-0658;0.014810000;0.804930000
CVE-2002-0657;0.049120000;0.892270000
CVE-2002-0656;0.877570000;0.994350000
CVE-2002-0655;0.008830000;0.747890000
CVE-2002-0654;0.750410000;0.988210000
CVE-2002-0653;0.012210000;0.785660000
CVE-2002-0652;0.068410000;0.909900000
CVE-2002-0651;0.054370000;0.898330000
CVE-2002-0650;0.252250000;0.959850000
CVE-2002-0649;0.866440000;0.993820000
CVE-2002-0648;0.592760000;0.981390000
CVE-2002-0647;0.155150000;0.944200000
CVE-2002-0645;0.019880000;0.831130000
CVE-2002-0644;0.090730000;0.923470000
CVE-2002-0643;0.008150000;0.736440000
CVE-2002-0642;0.750600000;0.988220000
CVE-2002-0641;0.164100000;0.946260000
CVE-2002-0640;0.648360000;0.983820000
CVE-2002-0639;0.437160000;0.973770000
CVE-2002-0638;0.000850000;0.250810000
CVE-2002-0637;0.038250000;0.877520000
CVE-2002-0632;0.007110000;0.716200000
CVE-2002-0631;0.001510000;0.364110000
CVE-2002-0630;0.013180000;0.793410000
CVE-2002-0629;0.013180000;0.793410000
CVE-2002-0628;0.017130000;0.818540000
CVE-2002-0627;0.007870000;0.731720000
CVE-2002-0626;0.004750000;0.640390000
CVE-2002-0624;0.071980000;0.912470000
CVE-2002-0623;0.172820000;0.947980000
CVE-2002-0622;0.102670000;0.928930000
CVE-2002-0621;0.166670000;0.946930000
CVE-2002-0620;0.163730000;0.946160000
CVE-2002-0619;0.196870000;0.952170000
CVE-2002-0618;0.172760000;0.947980000
CVE-2002-0617;0.040760000;0.881650000
CVE-2002-0616;0.108190000;0.930990000
CVE-2002-0615;0.114020000;0.933150000
CVE-2002-0614;0.008080000;0.735530000
CVE-2002-0613;0.036400000;0.874510000
CVE-2002-0612;0.150010000;0.943110000
CVE-2002-0611;0.033130000;0.868490000
CVE-2002-0610;0.026540000;0.853050000
CVE-2002-0609;0.015220000;0.807780000
CVE-2002-0608;0.038100000;0.877180000
CVE-2002-0607;0.017430000;0.820160000
CVE-2002-0606;0.055170000;0.899030000
CVE-2002-0605;0.125170000;0.936780000
CVE-2002-0604;0.009110000;0.752190000
CVE-2002-0603;0.009110000;0.752190000
CVE-2002-0602;0.011220000;0.776940000
CVE-2002-0601;0.013060000;0.792440000
CVE-2002-0600;0.016730000;0.816460000
CVE-2002-0599;0.047460000;0.890430000
CVE-2002-0598;0.043280000;0.885100000
CVE-2002-0597;0.560850000;0.979840000
CVE-2002-0596;0.007070000;0.715120000
CVE-2002-0595;0.053860000;0.897740000
CVE-2002-0594;0.012680000;0.789390000
CVE-2002-0593;0.034020000;0.870200000
CVE-2002-0592;0.007170000;0.717930000
CVE-2002-0591;0.110770000;0.931920000
CVE-2002-0590;0.030620000;0.862740000
CVE-2002-0589;0.064110000;0.906760000
CVE-2002-0588;0.050530000;0.893830000
CVE-2002-0587;0.018960000;0.827110000
CVE-2002-0586;0.019830000;0.830940000
CVE-2002-0585;0.007080000;0.715400000
CVE-2002-0584;0.022560000;0.841380000
CVE-2002-0583;0.011740000;0.781600000
CVE-2002-0582;0.011740000;0.781600000
CVE-2002-0581;0.016520000;0.815310000
CVE-2002-0580;0.008470000;0.742080000
CVE-2002-0579;0.018840000;0.826660000
CVE-2002-0578;0.013390000;0.794970000
CVE-2002-0577;0.000990000;0.283980000
CVE-2002-0576;0.014300000;0.801590000
CVE-2002-0575;0.028570000;0.858050000
CVE-2002-0574;0.010990000;0.774710000
CVE-2002-0573;0.474180000;0.975690000
CVE-2002-0572;0.002770000;0.508160000
CVE-2002-0571;0.008370000;0.740130000
CVE-2002-0570;0.001180000;0.314320000
CVE-2002-0569;0.021770000;0.838520000
CVE-2002-0568;0.048040000;0.891020000
CVE-2002-0567;0.017580000;0.821010000
CVE-2002-0566;0.015470000;0.809140000
CVE-2002-0565;0.059150000;0.902640000
CVE-2002-0564;0.011400000;0.778710000
CVE-2002-0563;0.344520000;0.968250000
CVE-2002-0562;0.036440000;0.874590000
CVE-2002-0561;0.042880000;0.884540000
CVE-2002-0560;0.056400000;0.900240000
CVE-2002-0559;0.264060000;0.961330000
CVE-2002-0558;0.022640000;0.841580000
CVE-2002-0557;0.005270000;0.663280000
CVE-2002-0556;0.002550000;0.487160000
CVE-2002-0555;0.012030000;0.784060000
CVE-2002-0554;0.007300000;0.720280000
CVE-2002-0553;0.030620000;0.862740000
CVE-2002-0552;0.015610000;0.809860000
CVE-2002-0551;0.019220000;0.828570000
CVE-2002-0550;0.019220000;0.828570000
CVE-2002-0549;0.008470000;0.742080000
CVE-2002-0548;0.006080000;0.689520000
CVE-2002-0547;0.016620000;0.815910000
CVE-2002-0546;0.010480000;0.769600000
CVE-2002-0545;0.008720000;0.745900000
CVE-2002-0544;0.001280000;0.331070000
CVE-2002-0543;0.102610000;0.928900000
CVE-2002-0542;0.003570000;0.573750000
CVE-2002-0541;0.041100000;0.882240000
CVE-2002-0540;0.074080000;0.913740000
CVE-2002-0539;0.006970000;0.712780000
CVE-2002-0538;0.029000000;0.859190000
CVE-2002-0537;0.012730000;0.789970000
CVE-2002-0536;0.008170000;0.737150000
CVE-2002-0535;0.079200000;0.917060000
CVE-2002-0534;0.008860000;0.748310000
CVE-2002-0533;0.014980000;0.806370000
CVE-2002-0532;0.000470000;0.145910000
CVE-2002-0531;0.027810000;0.855990000
CVE-2002-0530;0.003880000;0.592340000
CVE-2002-0529;0.001780000;0.397770000
CVE-2002-0528;0.014120000;0.800350000
CVE-2002-0527;0.012960000;0.791670000
CVE-2002-0526;0.000740000;0.227430000
CVE-2002-0525;0.043550000;0.885400000
CVE-2002-0524;0.022950000;0.842570000
CVE-2002-0523;0.019510000;0.829700000
CVE-2002-0522;0.006220000;0.694190000
CVE-2002-0521;0.011650000;0.780840000
CVE-2002-0520;0.010750000;0.772280000
CVE-2002-0518;0.011080000;0.775580000
CVE-2002-0517;0.003270000;0.550780000
CVE-2002-0516;0.063520000;0.906290000
CVE-2002-0515;0.020890000;0.835150000
CVE-2002-0514;0.020890000;0.835150000
CVE-2002-0513;0.010000000;0.763970000
CVE-2002-0512;0.001560000;0.370340000
CVE-2002-0511;0.002600000;0.491700000
CVE-2002-0510;0.010390000;0.768570000
CVE-2002-0509;0.010060000;0.764580000
CVE-2002-0508;0.044260000;0.886280000
CVE-2002-0507;0.013360000;0.794790000
CVE-2002-0506;0.002280000;0.455630000
CVE-2002-0505;0.008240000;0.738030000
CVE-2002-0504;0.061630000;0.904700000
CVE-2002-0503;0.013510000;0.796050000
CVE-2002-0502;0.043220000;0.885040000
CVE-2002-0501;0.008790000;0.746930000
CVE-2002-0500;0.203900000;0.953310000
CVE-2002-0499;0.004610000;0.634190000
CVE-2002-0498;0.001560000;0.370340000
CVE-2002-0497;0.002420000;0.474190000
CVE-2002-0496;0.013170000;0.793340000
CVE-2002-0495;0.151540000;0.943460000
CVE-2002-0494;0.008740000;0.746220000
CVE-2002-0493;0.014400000;0.802200000
CVE-2002-0492;0.055990000;0.899850000
CVE-2002-0491;0.004060000;0.603730000
CVE-2002-0490;0.022560000;0.841370000
CVE-2002-0489;0.035500000;0.873000000
CVE-2002-0488;0.051370000;0.894940000
CVE-2002-0487;0.001540000;0.367570000
CVE-2002-0486;0.000750000;0.228840000
CVE-2002-0485;0.003340000;0.556780000
CVE-2002-0484;0.065820000;0.907970000
CVE-2002-0483;0.001080000;0.298990000
CVE-2002-0482;0.013300000;0.794370000
CVE-2002-0481;0.063920000;0.906540000
CVE-2002-0480;0.009920000;0.763010000
CVE-2002-0479;0.000500000;0.156080000
CVE-2002-0478;0.006210000;0.693670000
CVE-2002-0477;0.018550000;0.825300000
CVE-2002-0476;0.010190000;0.766320000
CVE-2002-0475;0.008460000;0.742070000
CVE-2002-0474;0.014400000;0.802200000
CVE-2002-0473;0.145370000;0.942010000
CVE-2002-0472;0.151900000;0.943540000
CVE-2002-0471;0.037590000;0.876460000
CVE-2002-0470;0.001690000;0.386540000
CVE-2002-0469;0.001510000;0.364110000
CVE-2002-0468;0.006610000;0.704540000
CVE-2002-0467;0.218310000;0.955510000
CVE-2002-0466;0.007690000;0.728260000
CVE-2002-0465;0.036820000;0.875150000
CVE-2002-0464;0.013360000;0.794800000
CVE-2002-0463;0.006550000;0.703090000
CVE-2002-0462;0.017300000;0.819540000
CVE-2002-0461;0.107520000;0.930720000
CVE-2002-0460;0.011120000;0.775990000
CVE-2002-0459;0.022560000;0.841370000
CVE-2002-0458;0.012840000;0.790830000
CVE-2002-0457;0.012970000;0.791780000
CVE-2002-0456;0.007660000;0.727850000
CVE-2002-0455;0.008750000;0.746440000
CVE-2002-0454;0.054790000;0.898680000
CVE-2002-0453;0.016790000;0.816790000
CVE-2002-0452;0.005270000;0.663280000
CVE-2002-0451;0.057700000;0.901390000
CVE-2002-0450;0.063330000;0.906120000
CVE-2002-0449;0.130060000;0.938260000
CVE-2002-0448;0.076320000;0.915230000
CVE-2002-0447;0.010300000;0.767490000
CVE-2002-0446;0.008080000;0.735530000
CVE-2002-0445;0.006300000;0.695800000
CVE-2002-0444;0.092010000;0.924090000
CVE-2002-0443;0.005980000;0.686610000
CVE-2002-0442;0.001450000;0.354900000
CVE-2002-0441;0.030430000;0.862320000
CVE-2002-0440;0.040790000;0.881680000
CVE-2002-0439;0.007170000;0.717930000
CVE-2002-0438;0.010930000;0.773940000
CVE-2002-0437;0.021910000;0.838990000
CVE-2002-0436;0.039310000;0.879330000
CVE-2002-0435;0.000740000;0.225890000
CVE-2002-0434;0.027300000;0.854850000
CVE-2002-0433;0.006840000;0.709940000
CVE-2002-0432;0.059930000;0.903350000
CVE-2002-0431;0.048910000;0.892100000
CVE-2002-0430;0.001660000;0.382340000
CVE-2002-0429;0.000780000;0.236230000
CVE-2002-0428;0.004550000;0.631530000
CVE-2002-0427;0.004660000;0.636640000
CVE-2002-0426;0.007200000;0.718430000
CVE-2002-0425;0.007410000;0.722910000
CVE-2002-0424;0.000680000;0.211440000
CVE-2002-0423;0.033750000;0.869670000
CVE-2002-0422;0.656580000;0.984200000
CVE-2002-0421;0.236980000;0.957930000
CVE-2002-0420;0.014020000;0.799490000
CVE-2002-0419;0.312960000;0.965830000
CVE-2002-0418;0.002550000;0.487160000
CVE-2002-0417;0.011640000;0.780790000
CVE-2002-0416;0.053840000;0.897700000
CVE-2002-0415;0.003690000;0.581540000
CVE-2002-0414;0.007430000;0.723240000
CVE-2002-0413;0.030620000;0.862740000
CVE-2002-0412;0.090350000;0.923340000
CVE-2002-0411;0.010800000;0.772800000
CVE-2002-0410;0.017550000;0.820880000
CVE-2002-0409;0.342330000;0.968110000
CVE-2002-0408;0.010830000;0.773080000
CVE-2002-0407;0.013030000;0.792200000
CVE-2002-0406;0.047210000;0.890000000
CVE-2002-0405;0.031810000;0.865330000
CVE-2002-0404;0.018240000;0.823910000
CVE-2002-0403;0.018240000;0.823910000
CVE-2002-0402;0.026840000;0.853770000
CVE-2002-0401;0.077360000;0.915900000
CVE-2002-0400;0.277280000;0.962640000
CVE-2002-0399;0.012030000;0.784050000
CVE-2002-0398;0.008170000;0.737030000
CVE-2002-0397;0.003500000;0.568840000
CVE-2002-0396;0.005270000;0.663280000
CVE-2002-0395;0.012140000;0.784900000
CVE-2002-0394;0.006970000;0.712720000
CVE-2002-0393;0.031530000;0.864640000
CVE-2002-0392;0.593040000;0.981400000
CVE-2002-0391;0.075820000;0.914770000
CVE-2002-0389;0.001660000;0.381940000
CVE-2002-0388;0.031490000;0.864560000
CVE-2002-0387;0.038500000;0.878120000
CVE-2002-0386;0.317980000;0.966260000
CVE-2002-0385;0.005010000;0.652330000
CVE-2002-0384;0.061100000;0.904340000
CVE-2002-0382;0.010790000;0.772720000
CVE-2002-0381;0.007840000;0.731080000
CVE-2002-0380;0.043670000;0.885570000
CVE-2002-0379;0.299010000;0.964650000
CVE-2002-0378;0.005460000;0.670390000
CVE-2002-0377;0.002170000;0.443410000
CVE-2002-0376;0.038190000;0.877350000
CVE-2002-0375;0.038320000;0.877710000
CVE-2002-0374;0.014730000;0.804400000
CVE-2002-0373;0.017140000;0.818570000
CVE-2002-0372;0.073940000;0.913690000
CVE-2002-0371;0.657700000;0.984280000
CVE-2002-0370;0.322710000;0.966620000
CVE-2002-0369;0.192580000;0.951430000
CVE-2002-0368;0.257650000;0.960540000
CVE-2002-0367;0.006860000;0.710220000
CVE-2002-0366;0.004770000;0.641740000
CVE-2002-0364;0.656610000;0.984200000
CVE-2002-0363;0.007060000;0.714880000
CVE-2002-0362;0.047550000;0.890550000
CVE-2002-0360;0.038500000;0.878120000
CVE-2002-0359;0.058490000;0.902090000
CVE-2002-0358;0.001560000;0.370340000
CVE-2002-0357;0.000900000;0.260700000
CVE-2002-0356;0.001510000;0.364110000
CVE-2002-0355;0.001570000;0.370800000
CVE-2002-0354;0.003790000;0.587820000
CVE-2002-0353;0.014760000;0.804520000
CVE-2002-0352;0.005790000;0.680930000
CVE-2002-0351;0.018960000;0.827110000
CVE-2002-0350;0.009910000;0.762920000
CVE-2002-0349;0.000740000;0.226810000
CVE-2002-0348;0.055880000;0.899770000
CVE-2002-0347;0.078530000;0.916600000
CVE-2002-0346;0.122970000;0.936070000
CVE-2002-0345;0.008220000;0.737810000
CVE-2002-0344;0.018530000;0.825110000
CVE-2002-0343;0.001560000;0.370340000
CVE-2002-0342;0.013170000;0.793340000
CVE-2002-0341;0.001720000;0.390470000
CVE-2002-0340;0.040010000;0.880420000
CVE-2002-0339;0.022570000;0.841400000
CVE-2002-0338;0.103480000;0.929290000
CVE-2002-0337;0.011530000;0.779740000
CVE-2002-0336;0.114730000;0.933550000
CVE-2002-0335;0.115180000;0.933690000
CVE-2002-0334;0.001920000;0.414170000
CVE-2002-0333;0.027730000;0.855790000
CVE-2002-0332;0.135950000;0.939810000
CVE-2002-0331;0.030620000;0.862740000
CVE-2002-0330;0.069650000;0.910770000
CVE-2002-0329;0.237000000;0.957940000
CVE-2002-0328;0.032200000;0.866270000
CVE-2002-0327;0.001310000;0.334130000
CVE-2002-0326;0.007170000;0.717930000
CVE-2002-0325;0.067160000;0.909000000
CVE-2002-0324;0.009430000;0.756490000
CVE-2002-0323;0.003790000;0.587820000
CVE-2002-0322;0.007170000;0.717930000
CVE-2002-0321;0.023300000;0.843610000
CVE-2002-0320;0.103070000;0.929100000
CVE-2002-0319;0.082230000;0.918870000
CVE-2002-0318;0.009800000;0.761720000
CVE-2002-0317;0.007370000;0.721820000
CVE-2002-0316;0.045720000;0.888150000
CVE-2002-0315;0.008610000;0.744100000
CVE-2002-0314;0.007390000;0.722360000
CVE-2002-0313;0.102080000;0.928690000
CVE-2002-0312;0.030130000;0.861680000
CVE-2002-0311;0.037450000;0.876210000
CVE-2002-0310;0.008460000;0.742070000
CVE-2002-0309;0.016830000;0.816990000
CVE-2002-0308;0.004320000;0.620110000
CVE-2002-0307;0.045090000;0.887280000
CVE-2002-0306;0.010050000;0.764480000
CVE-2002-0305;0.006690000;0.706300000
CVE-2002-0304;0.009480000;0.757200000
CVE-2002-0303;0.000400000;0.120080000
CVE-2002-0302;0.007070000;0.715150000
CVE-2002-0301;0.006190000;0.693140000
CVE-2002-0300;0.051120000;0.894660000
CVE-2002-0299;0.006550000;0.702520000
CVE-2002-0298;0.005770000;0.680450000
CVE-2002-0297;0.015880000;0.811430000
CVE-2002-0296;0.001520000;0.365240000
CVE-2002-0295;0.000550000;0.173590000
CVE-2002-0294;0.000750000;0.228720000
CVE-2002-0293;0.000670000;0.209260000
CVE-2002-0292;0.008540000;0.743080000
CVE-2002-0291;0.016810000;0.816860000
CVE-2002-0290;0.037360000;0.876120000
CVE-2002-0289;0.043060000;0.884800000
CVE-2002-0288;0.038390000;0.877870000
CVE-2002-0287;0.006900000;0.711140000
CVE-2002-0286;0.007170000;0.717930000
CVE-2002-0285;0.069920000;0.910930000
CVE-2002-0284;0.004500000;0.629360000
CVE-2002-0283;0.049170000;0.892340000
CVE-2002-0282;0.013950000;0.798980000
CVE-2002-0281;0.007410000;0.722790000
CVE-2002-0280;0.098610000;0.927160000
CVE-2002-0279;0.001300000;0.333380000
CVE-2002-0278;0.019570000;0.829960000
CVE-2002-0277;0.012320000;0.786560000
CVE-2002-0276;0.173280000;0.948050000
CVE-2002-0275;0.006450000;0.699900000
CVE-2002-0274;0.000860000;0.253990000
CVE-2002-0273;0.004860000;0.646190000
CVE-2002-0272;0.054760000;0.898630000
CVE-2002-0271;0.000830000;0.246160000
CVE-2002-0270;0.002810000;0.512280000
CVE-2002-0269;0.041870000;0.883270000
CVE-2002-0268;0.000730000;0.223140000
CVE-2002-0267;0.021980000;0.839270000
CVE-2002-0266;0.052470000;0.896190000
CVE-2002-0265;0.004420000;0.626010000
CVE-2002-0264;0.005270000;0.663280000
CVE-2002-0263;0.109420000;0.931480000
CVE-2002-0262;0.011720000;0.781370000
CVE-2002-0261;0.031650000;0.864940000
CVE-2002-0260;0.033100000;0.868420000
CVE-2002-0259;0.000610000;0.192290000
CVE-2002-0258;0.007500000;0.724720000
CVE-2002-0257;0.066480000;0.908500000
CVE-2002-0256;0.062810000;0.905730000
CVE-2002-0255;0.018110000;0.823320000
CVE-2002-0254;0.009750000;0.760970000
CVE-2002-0253;0.009150000;0.752720000
CVE-2002-0252;0.044000000;0.885980000
CVE-2002-0251;0.073060000;0.913120000
CVE-2002-0250;0.070860000;0.911700000
CVE-2002-0249;0.028310000;0.857320000
CVE-2002-0248;0.001510000;0.364110000
CVE-2002-0247;0.000530000;0.166530000
CVE-2002-0246;0.002380000;0.468420000
CVE-2002-0245;0.009010000;0.750310000
CVE-2002-0244;0.019190000;0.828370000
CVE-2002-0243;0.006360000;0.697450000
CVE-2002-0242;0.033760000;0.869720000
CVE-2002-0241;0.001890000;0.409770000
CVE-2002-0240;0.016880000;0.817230000
CVE-2002-0239;0.002660000;0.499310000
CVE-2002-0238;0.008460000;0.742070000
CVE-2002-0237;0.032430000;0.866980000
CVE-2002-0236;0.072810000;0.912990000
CVE-2002-0235;0.008010000;0.734390000
CVE-2002-0234;0.000830000;0.246410000
CVE-2002-0233;0.016760000;0.816710000
CVE-2002-0232;0.013240000;0.793840000
CVE-2002-0231;0.017280000;0.819360000
CVE-2002-0230;0.050060000;0.893270000
CVE-2002-0229;0.054450000;0.898370000
CVE-2002-0228;0.286130000;0.963510000
CVE-2002-0227;0.055860000;0.899750000
CVE-2002-0226;0.012000000;0.783850000
CVE-2002-0225;0.002150000;0.441580000
CVE-2002-0224;0.582550000;0.980820000
CVE-2002-0223;0.008610000;0.744100000
CVE-2002-0222;0.007170000;0.717930000
CVE-2002-0221;0.007390000;0.722360000
CVE-2002-0220;0.009820000;0.761930000
CVE-2002-0219;0.001490000;0.360310000
CVE-2002-0218;0.001050000;0.293360000
CVE-2002-0217;0.012880000;0.791180000
CVE-2002-0216;0.008290000;0.738740000
CVE-2002-0215;0.081970000;0.918720000
CVE-2002-0214;0.000750000;0.228230000
CVE-2002-0213;0.001020000;0.288500000
CVE-2002-0212;0.007410000;0.722790000
CVE-2002-0211;0.003150000;0.541490000
CVE-2002-0210;0.001400000;0.347930000
CVE-2002-0209;0.078250000;0.916400000
CVE-2002-0208;0.013120000;0.792910000
CVE-2002-0207;0.084890000;0.920310000
CVE-2002-0206;0.001620000;0.377680000
CVE-2002-0205;0.007410000;0.722790000
CVE-2002-0204;0.032100000;0.866060000
CVE-2002-0203;0.004940000;0.649630000
CVE-2002-0202;0.000730000;0.223340000
CVE-2002-0201;0.029300000;0.859770000
CVE-2002-0200;0.040770000;0.881650000
CVE-2002-0199;0.018160000;0.823550000
CVE-2002-0198;0.056340000;0.900190000
CVE-2002-0197;0.010620000;0.770890000
CVE-2002-0196;0.004420000;0.626110000
CVE-2002-0193;0.457760000;0.974800000
CVE-2002-0191;0.150610000;0.943240000
CVE-2002-0190;0.181720000;0.949490000
CVE-2002-0189;0.137590000;0.940260000
CVE-2002-0188;0.202090000;0.953010000
CVE-2002-0187;0.148790000;0.942830000
CVE-2002-0186;0.781920000;0.989660000
CVE-2002-0185;0.040080000;0.880550000
CVE-2002-0184;0.002120000;0.438330000
CVE-2002-0181;0.014950000;0.805910000
CVE-2002-0180;0.037320000;0.876070000
CVE-2002-0179;0.032100000;0.866060000
CVE-2002-0178;0.001270000;0.329040000
CVE-2002-0177;0.233730000;0.957560000
CVE-2002-0176;0.001590000;0.374170000
CVE-2002-0175;0.000810000;0.243000000
CVE-2002-0174;0.001510000;0.364110000
CVE-2002-0173;0.000500000;0.155750000
CVE-2002-0172;0.002230000;0.449230000
CVE-2002-0171;0.015340000;0.808410000
CVE-2002-0170;0.007430000;0.723240000
CVE-2002-0169;0.000800000;0.241910000
CVE-2002-0168;0.009450000;0.756850000
CVE-2002-0167;0.009450000;0.756850000
CVE-2002-0166;0.014140000;0.800510000
CVE-2002-0165;0.000640000;0.202410000
CVE-2002-0164;0.000800000;0.240530000
CVE-2002-0163;0.038950000;0.878770000
CVE-2002-0162;0.001220000;0.321700000
CVE-2002-0160;0.005580000;0.674130000
CVE-2002-0159;0.023430000;0.844010000
CVE-2002-0158;0.001780000;0.397410000
CVE-2002-0157;0.000680000;0.211440000
CVE-2002-0155;0.191370000;0.951250000
CVE-2002-0154;0.225990000;0.956400000
CVE-2002-0153;0.428020000;0.973340000
CVE-2002-0152;0.225540000;0.956360000
CVE-2002-0151;0.029040000;0.859240000
CVE-2002-0150;0.676190000;0.985030000
CVE-2002-0149;0.497960000;0.976890000
CVE-2002-0148;0.733500000;0.987370000
CVE-2002-0147;0.374870000;0.970280000
CVE-2002-0146;0.008570000;0.743570000
CVE-2002-0145;0.007170000;0.717930000
CVE-2002-0144;0.007850000;0.731130000
CVE-2002-0143;0.001810000;0.400700000
CVE-2002-0142;0.056820000;0.900640000
CVE-2002-0141;0.001920000;0.414170000
CVE-2002-0140;0.048020000;0.891010000
CVE-2002-0139;0.010620000;0.770890000
CVE-2002-0138;0.001160000;0.310820000
CVE-2002-0137;0.001170000;0.313790000
CVE-2002-0136;0.089050000;0.922650000
CVE-2002-0135;0.047210000;0.890000000
CVE-2002-0134;0.016130000;0.813010000
CVE-2002-0133;0.043620000;0.885500000
CVE-2002-0132;0.001500000;0.361570000
CVE-2002-0131;0.006610000;0.704510000
CVE-2002-0130;0.000540000;0.171200000
CVE-2002-0129;0.002070000;0.432320000
CVE-2002-0128;0.086530000;0.921270000
CVE-2002-0127;0.005770000;0.680450000
CVE-2002-0126;0.039940000;0.880330000
CVE-2002-0125;0.000580000;0.181080000
CVE-2002-0124;0.011770000;0.781820000
CVE-2002-0123;0.009860000;0.762310000
CVE-2002-0122;0.013170000;0.793340000
CVE-2002-0121;0.001420000;0.350880000
CVE-2002-0120;0.000990000;0.283570000
CVE-2002-0119;0.008660000;0.744880000
CVE-2002-0118;0.030620000;0.862740000
CVE-2002-0117;0.095570000;0.925660000
CVE-2002-0116;0.007630000;0.727240000
CVE-2002-0115;0.084200000;0.919940000
CVE-2002-0114;0.000660000;0.205920000
CVE-2002-0113;0.000500000;0.155900000
CVE-2002-0112;0.074970000;0.914250000
CVE-2002-0111;0.011360000;0.778350000
CVE-2002-0110;0.006560000;0.703360000
CVE-2002-0109;0.007630000;0.727240000
CVE-2002-0108;0.008060000;0.735110000
CVE-2002-0107;0.064660000;0.907070000
CVE-2002-0106;0.060400000;0.903740000
CVE-2002-0105;0.001510000;0.364110000
CVE-2002-0104;0.009190000;0.753190000
CVE-2002-0103;0.000800000;0.241310000
CVE-2002-0102;0.007980000;0.733770000
CVE-2002-0101;0.106190000;0.930220000
CVE-2002-0100;0.006550000;0.702580000
CVE-2002-0099;0.007330000;0.720930000
CVE-2002-0098;0.022070000;0.839670000
CVE-2002-0097;0.007410000;0.722790000
CVE-2002-0096;0.000530000;0.166390000
CVE-2002-0095;0.030620000;0.862740000
CVE-2002-0094;0.014520000;0.802860000
CVE-2002-0093;0.004650000;0.636340000
CVE-2002-0092;0.012710000;0.789850000
CVE-2002-0091;0.010140000;0.765570000
CVE-2002-0090;0.001370000;0.343680000
CVE-2002-0089;0.000770000;0.233660000
CVE-2002-0088;0.000530000;0.166530000
CVE-2002-0087;0.001250000;0.326030000
CVE-2002-0086;0.000720000;0.222370000
CVE-2002-0085;0.012710000;0.789850000
CVE-2002-0084;0.032270000;0.866460000
CVE-2002-0083;0.047940000;0.890950000
CVE-2002-0082;0.025070000;0.848940000
CVE-2002-0081;0.586030000;0.981070000
CVE-2002-0080;0.007910000;0.732530000
CVE-2002-0079;0.849170000;0.993000000
CVE-2002-0078;0.203350000;0.953210000
CVE-2002-0077;0.079400000;0.917200000
CVE-2002-0076;0.010750000;0.772350000
CVE-2002-0075;0.675630000;0.985010000
CVE-2002-0074;0.675630000;0.985010000
CVE-2002-0073;0.671200000;0.984830000
CVE-2002-0072;0.309820000;0.965570000
CVE-2002-0071;0.676420000;0.985030000
CVE-2002-0070;0.322900000;0.966630000
CVE-2002-0069;0.011060000;0.775420000
CVE-2002-0068;0.055610000;0.899470000
CVE-2002-0067;0.002230000;0.449430000
CVE-2002-0066;0.016690000;0.816260000
CVE-2002-0065;0.000850000;0.250750000
CVE-2002-0064;0.001140000;0.309070000
CVE-2002-0063;0.019380000;0.829230000
CVE-2002-0062;0.002030000;0.426000000
CVE-2002-0061;0.890230000;0.995020000
CVE-2002-0060;0.033260000;0.868750000
CVE-2002-0059;0.365520000;0.969600000
CVE-2002-0058;0.028080000;0.856600000
CVE-2002-0057;0.417610000;0.972720000
CVE-2002-0056;0.212650000;0.954760000
CVE-2002-0055;0.484210000;0.976180000
CVE-2002-0054;0.125360000;0.936840000
CVE-2002-0053;0.491470000;0.976500000
CVE-2002-0052;0.343760000;0.968210000
CVE-2002-0051;0.009590000;0.758450000
CVE-2002-0050;0.121640000;0.935700000
CVE-2002-0049;0.122130000;0.935860000
CVE-2002-0048;0.817640000;0.991460000
CVE-2002-0047;0.007390000;0.722360000
CVE-2002-0046;0.012020000;0.783970000
CVE-2002-0045;0.032360000;0.866590000
CVE-2002-0044;0.001410000;0.348920000
CVE-2002-0043;0.001930000;0.414940000
CVE-2002-0042;0.001440000;0.353560000
CVE-2002-0041;0.010990000;0.774710000
CVE-2002-0040;0.000650000;0.202860000
CVE-2002-0039;0.006550000;0.703000000
CVE-2002-0038;0.009110000;0.752190000
CVE-2002-0037;0.004400000;0.624760000
CVE-2002-0036;0.190100000;0.951010000
CVE-2002-0034;0.001930000;0.414460000
CVE-2002-0033;0.554690000;0.979530000
CVE-2002-0032;0.029420000;0.859960000
CVE-2002-0031;0.214150000;0.955000000
CVE-2002-0030;0.002170000;0.443210000
CVE-2002-0029;0.218470000;0.955540000
CVE-2002-0028;0.190750000;0.951150000
CVE-2002-0027;0.116990000;0.934330000
CVE-2002-0026;0.071180000;0.911920000
CVE-2002-0025;0.153420000;0.943870000
CVE-2002-0024;0.044870000;0.887020000
CVE-2002-0023;0.342440000;0.968130000
CVE-2002-0022;0.352500000;0.968720000
CVE-2002-0021;0.190670000;0.951130000
CVE-2002-0020;0.263620000;0.961290000
CVE-2002-0018;0.361510000;0.969350000
CVE-2002-0017;0.060550000;0.903830000
CVE-2002-0014;0.012460000;0.787760000
CVE-2002-0013;0.575700000;0.980460000
CVE-2002-0012;0.483680000;0.976160000
CVE-2002-0011;0.009260000;0.754120000
CVE-2002-0010;0.037100000;0.875670000
CVE-2002-0009;0.008620000;0.744390000
CVE-2002-0008;0.021430000;0.837170000
CVE-2002-0007;0.018390000;0.824550000
CVE-2002-0006;0.086310000;0.921150000
CVE-2002-0005;0.279300000;0.962820000
CVE-2002-0004;0.002740000;0.506040000
CVE-2002-0003;0.010670000;0.771360000
CVE-2002-0002;0.149160000;0.942940000
CVE-2002-0001;0.020910000;0.835270000
